Lead ID,Company Name,Industry,Company Size,Contact Name,Contact Title,Email,Lead Source,Date Created,Sales Rep,Budget Score (1-5),Authority Score (1-5),Need Score (1-5),Timeline Score (1-5),Stage,Deal Value (INR),Win Probability %,Expected Close Date,Actual Close Date,Days in Pipeline,Lost Reason
LD2001,Vertex Traders,Retail,Small (1-50),Tanya,VP Sales,tanya@vertex.com,Partner Channel,28-11-2025,Divya Nair,5,3,4,4,Closed Won,194000,1.0,14-01-2026,07-01-2026,40,
LD2002,Bluepeak Retail,FMCG,Small (1-50),Kabir,Procurement Manager,kabir@bluepeak.com,Referral,11-02-2026,Rohit Malhotra,4,4,5,4,Closed Lost,229000,0.0,17-04-2026,23-03-2026,40,Budget too high
LD2003,Bluepeak Solutions,Healthcare,Mid-Market (51-500),Pooja,COO,pooja@bluepeak.com,LinkedIn Outreach,14-03-2026,Sneha Iyer,1,2,3,2,Contacted,578000,0.15,18-04-2026,,,
LD2004,Crestline Enterprises,Retail,Enterprise (500+),Kavya,Procurement Manager,kavya@crestline.com,Inbound - Website,05-04-2026,Karan Bhatia,4,3,3,3,Proposal Sent,3009000,0.55,16-06-2026,,,
LD2005,Nova Mart,E-commerce,Small (1-50),Kavya,Founder/CEO,kavya@nova.com,Referral,13-04-2026,Ananya Kapoor,4,2,5,4,Closed Lost,213000,0.0,25-05-2026,02-05-2026,19,Not enough authority to buy
LD2006,Summit Solutions,E-commerce,Small (1-50),Zara,COO,zara@summit.com,Cold Outbound,30-04-2025,Rohit Malhotra,1,1,1,1,Closed Lost,191000,0.0,14-07-2025,14-05-2025,14,Not enough authority to buy
LD2007,Ember Ventures,Retail,Small (1-50),Ishita,Procurement Manager,ishita@ember.com,Partner Channel,25-01-2026,Rohit Malhotra,5,3,3,5,Closed Won,202000,1.0,22-02-2026,03-03-2026,37,
LD2008,Northstar Traders,FMCG,Small (1-50),Dev,VP Sales,dev@northstar.com,Cold Outbound,06-02-2026,Karan Bhatia,1,1,3,1,Contacted,178000,0.15,26-03-2026,,,
LD2009,Ironclad Industries,Retail,Small (1-50),Arjun,COO,arjun@ironclad.com,Referral,15-04-2025,Sneha Iyer,5,4,5,4,Contacted,156000,0.15,13-06-2025,,,
LD2010,Ember Industries,FMCG,Small (1-50),Aarav,Marketing Director,aarav@ember.com,Cold Outbound,08-01-2026,Karan Bhatia,1,3,4,1,Qualified,196000,0.35,27-02-2026,,,
LD2011,Redshift Enterprises,Retail,Mid-Market (51-500),Riya,COO,riya@redshift.com,Inbound - Website,06-01-2026,Divya Nair,3,2,5,3,Contacted,891000,0.15,11-02-2026,,,
LD2012,Ironclad Group,E-commerce,Mid-Market (51-500),Kabir,Procurement Manager,kabir@ironclad.com,Cold Outbound,17-08-2025,Rohit Malhotra,1,2,2,1,Contacted,587000,0.15,28-10-2025,,,
LD2013,Foxglove Enterprises,Education,Enterprise (500+),Kavya,Head of Operations,kavya@foxglove.com,LinkedIn Outreach,31-12-2025,Karan Bhatia,2,3,2,1,Contacted,2711000,0.15,17-02-2026,,,
LD2014,Cobalt Enterprises,E-commerce,Mid-Market (51-500),Vivaan,Head of Operations,vivaan@cobalt.com,Referral,14-08-2025,Karan Bhatia,3,4,3,3,Contacted,614000,0.15,03-10-2025,,,
LD2015,Nova Industries,FMCG,Mid-Market (51-500),Yash,Founder/CEO,yash@nova.com,LinkedIn Outreach,02-02-2026,Rohit Malhotra,2,1,4,2,Closed Lost,824000,0.0,02-03-2026,03-03-2026,29,Budget too high
LD2016,Lumen Group,FMCG,Small (1-50),Kabir,VP Sales,kabir@lumen.com,LinkedIn Outreach,01-05-2026,Rohit Malhotra,1,4,2,2,Contacted,214000,0.15,29-05-2026,,,
LD2017,Foxglove Enterprises,Logistics,Mid-Market (51-500),Yash,Growth Lead,yash@foxglove.com,Inbound - Website,15-09-2025,Sneha Iyer,3,1,4,4,Contacted,550000,0.15,08-10-2025,,,
LD2018,Nova Industries,FMCG,Small (1-50),Riya,Founder/CEO,riya@nova.com,Referral,29-05-2026,Karan Bhatia,3,4,5,3,New Lead,185000,0.05,26-07-2026,,,
LD2019,Summit Retail,Retail,Small (1-50),Tanya,Marketing Director,tanya@summit.com,Cold Outbound,30-04-2026,Divya Nair,3,2,2,2,Contacted,136000,0.15,26-05-2026,,,
LD2020,Ember Solutions,FMCG,Small (1-50),Yash,Procurement Manager,yash@ember.com,Referral,11-10-2025,Ananya Kapoor,3,1,4,3,Qualified,206000,0.35,12-11-2025,,,
LD2021,Palm Industries,Healthcare,Enterprise (500+),Zara,Head of Operations,zara@palm.com,LinkedIn Outreach,11-09-2025,Sneha Iyer,2,2,1,3,New Lead,1970000,0.05,13-10-2025,,,
LD2022,Zenith Enterprises,E-commerce,Small (1-50),Aditya,IT Manager,aditya@zenith.com,Cold Outbound,06-02-2026,Ananya Kapoor,1,2,2,2,Contacted,139000,0.15,16-04-2026,,,
LD2023,Driftwood Group,Hospitality,Small (1-50),Riya,Growth Lead,riya@driftwood.com,Partner Channel,21-05-2025,Karan Bhatia,5,4,5,3,New Lead,234000,0.05,20-06-2025,,,
LD2024,Meridian Traders,E-commerce,Small (1-50),Vivaan,IT Manager,vivaan@meridian.com,Inbound - Website,18-02-2026,Sneha Iyer,4,2,3,4,Closed Won,154000,1.0,17-03-2026,23-03-2026,33,
LD2025,Driftwood Solutions,E-commerce,Mid-Market (51-500),Nikhil,Founder/CEO,nikhil@driftwood.com,Referral,06-10-2025,Rohit Malhotra,4,4,3,5,New Lead,544000,0.05,19-12-2025,,,
LD2026,Willow Group,Retail,Small (1-50),Vivaan,IT Manager,vivaan@willow.com,LinkedIn Outreach,22-05-2026,Rohit Malhotra,3,1,4,2,Qualified,236000,0.35,16-06-2026,,,
LD2027,Orbit Industries,FMCG,Small (1-50),Arjun,VP Sales,arjun@orbit.com,Cold Outbound,05-05-2025,Sneha Iyer,3,2,1,1,Contacted,242000,0.15,09-06-2025,,,
LD2028,Havenly Retail,E-commerce,Small (1-50),Arjun,VP Sales,arjun@havenly.com,Inbound - Website,05-07-2025,Rohit Malhotra,3,2,2,3,Contacted,196000,0.15,11-08-2025,,,
LD2029,Ironclad Ventures,Hospitality,Mid-Market (51-500),Sana,Marketing Director,sana@ironclad.com,Referral,16-01-2025,Divya Nair,2,4,3,5,Qualified,569000,0.35,11-03-2025,,,
LD2030,Zenith Retail,Logistics,Mid-Market (51-500),Vivaan,IT Manager,vivaan@zenith.com,Inbound - Website,24-08-2025,Rohit Malhotra,2,1,2,2,Contacted,678000,0.15,05-11-2025,,,
LD2031,Anchor Retail,Education,Small (1-50),Yash,Founder/CEO,yash@anchor.com,Inbound - Website,18-03-2026,Divya Nair,3,1,3,4,Contacted,211000,0.15,21-05-2026,,,
LD2032,Crestline Group,E-commerce,Small (1-50),Ishita,IT Manager,ishita@crestline.com,Inbound - Website,11-06-2025,Sneha Iyer,5,4,3,4,New Lead,169000,0.05,05-08-2025,,,
LD2033,Anchor Solutions,E-commerce,Small (1-50),Tanya,Head of Operations,tanya@anchor.com,Inbound - Website,12-08-2025,Karan Bhatia,4,4,2,3,Closed Lost,249000,0.0,02-09-2025,21-09-2025,40,Budget too high
LD2034,Quartz Industries,Healthcare,Mid-Market (51-500),Sana,Founder/CEO,sana@quartz.com,LinkedIn Outreach,08-06-2025,Karan Bhatia,2,3,2,2,New Lead,905000,0.05,13-08-2025,,,
LD2035,Redshift Industries,FMCG,Mid-Market (51-500),Aarav,Marketing Director,aarav@redshift.com,Trade Show/Event,14-02-2025,Karan Bhatia,3,4,2,3,New Lead,617000,0.05,26-04-2025,,,
LD2036,Foxglove Ventures,E-commerce,Small (1-50),Vivaan,Head of Operations,vivaan@foxglove.com,Referral,29-03-2025,Ananya Kapoor,5,2,1,2,Closed Lost,147000,0.0,22-04-2025,25-04-2025,27,Chose competitor
LD2037,Ridge Traders,E-commerce,Small (1-50),Aditya,COO,aditya@ridge.com,Inbound - Website,01-05-2026,Rohit Malhotra,4,4,2,4,Proposal Sent,227000,0.55,01-07-2026,,,
LD2038,Orbit Group,Manufacturing,Mid-Market (51-500),Pooja,IT Manager,pooja@orbit.com,LinkedIn Outreach,18-09-2025,Rohit Malhotra,2,2,1,3,Contacted,704000,0.15,20-11-2025,,,
LD2039,Anchor Mart,Retail,Mid-Market (51-500),Vivaan,Procurement Manager,vivaan@anchor.com,Cold Outbound,20-10-2025,Divya Nair,1,2,1,3,Contacted,865000,0.15,10-11-2025,,,
LD2040,Havenly Industries,Healthcare,Enterprise (500+),Arjun,Head of Operations,arjun@havenly.com,Cold Outbound,03-10-2025,Ananya Kapoor,1,3,2,3,Contacted,2304000,0.15,08-11-2025,,,
LD2041,Anchor Industries,FMCG,Enterprise (500+),Zara,COO,zara@anchor.com,Inbound - Website,09-01-2026,Ananya Kapoor,1,4,4,3,Contacted,2506000,0.15,23-02-2026,,,
LD2042,Ridge Retail,Retail,Mid-Market (51-500),Sana,IT Manager,sana@ridge.com,Inbound - Website,21-01-2026,Sneha Iyer,2,5,4,3,New Lead,626000,0.05,17-02-2026,,,
LD2043,Solstice & Co,Education,Small (1-50),Dev,Marketing Director,dev@solstice.com,Referral,17-01-2026,Ananya Kapoor,4,5,4,4,Closed Won,164000,1.0,21-02-2026,23-02-2026,37,
LD2044,Summit Group,Retail,Small (1-50),Vivaan,VP Sales,vivaan@summit.com,LinkedIn Outreach,18-01-2026,Karan Bhatia,2,3,2,1,New Lead,240000,0.05,14-03-2026,,,
LD2045,Anchor Mart,Manufacturing,Mid-Market (51-500),Nikhil,Head of Operations,nikhil@anchor.com,Cold Outbound,25-02-2026,Sneha Iyer,2,1,1,2,Closed Lost,881000,0.0,01-04-2026,09-04-2026,43,Chose competitor
LD2046,Palm & Co,FMCG,Small (1-50),Aditya,Marketing Director,aditya@palm.com,LinkedIn Outreach,21-06-2025,Karan Bhatia,4,1,1,2,Contacted,147000,0.15,28-08-2025,,,
LD2047,Ironclad Solutions,Retail,Small (1-50),Dev,VP Sales,dev@ironclad.com,Referral,07-09-2025,Rohit Malhotra,4,4,3,4,Closed Lost,160000,0.0,10-10-2025,23-09-2025,16,Bad timing
LD2048,Ember Mart,Retail,Enterprise (500+),Pooja,VP Sales,pooja@ember.com,Inbound - Website,26-05-2026,Divya Nair,3,3,4,1,Closed Lost,2925000,0.0,12-07-2026,21-06-2026,26,Budget too high
LD2049,Orbit Group,Education,Enterprise (500+),Aditya,Founder/CEO,aditya@orbit.com,Cold Outbound,16-03-2025,Karan Bhatia,2,3,3,1,New Lead,2893000,0.05,20-04-2025,,,
LD2050,Cobalt & Co,Manufacturing,Mid-Market (51-500),Meera,Head of Operations,meera@cobalt.com,Partner Channel,22-04-2025,Karan Bhatia,4,4,3,3,Closed Lost,693000,0.0,14-06-2025,08-05-2025,16,No decision / went dark
LD2051,Summit Group,Retail,Enterprise (500+),Aarav,Growth Lead,aarav@summit.com,Inbound - Website,14-03-2025,Sneha Iyer,4,3,4,2,Closed Lost,2185000,0.0,18-04-2025,23-04-2025,40,Chose competitor
LD2052,Meridian Mart,Healthcare,Small (1-50),Ishita,COO,ishita@meridian.com,Referral,11-11-2025,Karan Bhatia,3,5,3,4,Contacted,160000,0.15,24-12-2025,,,
LD2053,Bluepeak Group,Retail,Small (1-50),Pooja,Marketing Director,pooja@bluepeak.com,Cold Outbound,07-03-2026,Sneha Iyer,1,2,2,3,New Lead,140000,0.05,28-04-2026,,,
LD2054,Orbit Mart,FMCG,Small (1-50),Riya,Marketing Director,riya@orbit.com,LinkedIn Outreach,16-11-2025,Sneha Iyer,1,3,3,2,New Lead,192000,0.05,24-12-2025,,,
LD2055,Ridge Retail,Healthcare,Mid-Market (51-500),Aditya,Growth Lead,aditya@ridge.com,Cold Outbound,12-05-2026,Rohit Malhotra,3,2,1,2,New Lead,800000,0.05,04-06-2026,,,
LD2056,Ridge Industries,FMCG,Small (1-50),Yash,VP Sales,yash@ridge.com,LinkedIn Outreach,23-02-2025,Sneha Iyer,2,2,3,3,Contacted,148000,0.15,05-04-2025,,,
LD2057,Anchor & Co,E-commerce,Small (1-50),Vivaan,VP Sales,vivaan@anchor.com,LinkedIn Outreach,16-11-2025,Sneha Iyer,2,3,2,4,Closed Lost,154000,0.0,24-01-2026,11-12-2025,25,No decision / went dark
LD2058,Ridge Traders,FMCG,Mid-Market (51-500),Dev,COO,dev@ridge.com,Inbound - Website,30-04-2026,Sneha Iyer,4,4,2,2,Closed Won,550000,1.0,05-06-2026,26-05-2026,26,
LD2059,Nova Traders,Retail,Enterprise (500+),Aarav,Marketing Director,aarav@nova.com,Inbound - Website,06-10-2025,Sneha Iyer,1,4,2,1,New Lead,2043000,0.05,14-11-2025,,,
LD2060,Quartz Industries,Hospitality,Enterprise (500+),Pooja,Founder/CEO,pooja@quartz.com,Cold Outbound,20-04-2025,Karan Bhatia,1,1,1,1,New Lead,2978000,0.05,06-06-2025,,,
LD2061,Havenly Traders,Education,Mid-Market (51-500),Kabir,Growth Lead,kabir@havenly.com,Trade Show/Event,09-01-2025,Rohit Malhotra,3,2,1,4,Contacted,686000,0.15,27-02-2025,,,
LD2062,Bluepeak Solutions,Retail,Small (1-50),Vivaan,Marketing Director,vivaan@bluepeak.com,Inbound - Website,13-06-2025,Divya Nair,3,3,4,4,Contacted,177000,0.15,09-07-2025,,,
LD2063,Granite Solutions,Hospitality,Enterprise (500+),Sana,IT Manager,sana@granite.com,Cold Outbound,09-04-2025,Rohit Malhotra,4,2,3,1,Proposal Sent,2043000,0.55,06-05-2025,,,
LD2064,Cobalt Mart,Retail,Mid-Market (51-500),Ishita,Head of Operations,ishita@cobalt.com,Cold Outbound,02-10-2025,Rohit Malhotra,2,2,1,1,Closed Lost,866000,0.0,28-10-2025,31-10-2025,29,No decision / went dark
LD2065,Willow Solutions,Education,Mid-Market (51-500),Aarav,Head of Operations,aarav@willow.com,Cold Outbound,05-01-2025,Sneha Iyer,1,3,1,1,Closed Won,902000,1.0,22-02-2025,04-02-2025,30,
LD2066,Willow Group,Retail,Small (1-50),Aarav,COO,aarav@willow.com,Inbound - Website,25-12-2025,Rohit Malhotra,3,4,4,1,New Lead,229000,0.05,16-01-2026,,,
LD2067,Lumen Traders,E-commerce,Small (1-50),Nikhil,Founder/CEO,nikhil@lumen.com,LinkedIn Outreach,23-02-2026,Rohit Malhotra,1,1,5,1,Contacted,212000,0.15,19-03-2026,,,
LD2068,Foxglove Enterprises,E-commerce,Small (1-50),Zara,Growth Lead,zara@foxglove.com,LinkedIn Outreach,04-04-2025,Sneha Iyer,2,1,2,3,Contacted,173000,0.15,13-05-2025,,,
LD2069,Granite Industries,E-commerce,Enterprise (500+),Aditya,VP Sales,aditya@granite.com,Trade Show/Event,19-01-2025,Rohit Malhotra,3,3,1,4,Closed Won,2185000,1.0,09-03-2025,18-02-2025,30,
LD2070,Zenith Enterprises,Healthcare,Mid-Market (51-500),Sana,Founder/CEO,sana@zenith.com,Cold Outbound,22-02-2025,Ananya Kapoor,1,1,1,1,Contacted,726000,0.15,24-03-2025,,,
LD2071,Crestline Retail,FMCG,Small (1-50),Nikhil,Head of Operations,nikhil@crestline.com,Partner Channel,25-06-2025,Rohit Malhotra,4,2,3,3,Contacted,183000,0.15,14-08-2025,,,
LD2072,Quartz Industries,Manufacturing,Enterprise (500+),Kabir,VP Sales,kabir@quartz.com,LinkedIn Outreach,14-06-2025,Divya Nair,1,4,1,1,New Lead,1942000,0.05,26-08-2025,,,
LD2073,Crestline Traders,E-commerce,Small (1-50),Nikhil,Procurement Manager,nikhil@crestline.com,Partner Channel,14-02-2026,Rohit Malhotra,4,4,5,3,Qualified,196000,0.35,17-04-2026,,,
LD2074,Nova Retail,E-commerce,Small (1-50),Pooja,Procurement Manager,pooja@nova.com,LinkedIn Outreach,10-11-2025,Karan Bhatia,1,3,2,2,Contacted,227000,0.15,11-12-2025,,,
LD2075,Orbit Traders,Education,Mid-Market (51-500),Aditya,COO,aditya@orbit.com,Cold Outbound,29-08-2025,Rohit Malhotra,1,2,1,2,New Lead,525000,0.05,13-10-2025,,,
LD2076,Willow Traders,FMCG,Mid-Market (51-500),Kabir,Founder/CEO,kabir@willow.com,Cold Outbound,17-03-2026,Ananya Kapoor,1,1,2,1,Closed Lost,777000,0.0,10-04-2026,25-04-2026,39,Budget too high
LD2077,Northstar Enterprises,Education,Mid-Market (51-500),Arjun,Procurement Manager,arjun@northstar.com,Inbound - Website,19-05-2026,Rohit Malhotra,2,3,2,2,Contacted,893000,0.15,24-06-2026,,,
LD2078,Solstice Traders,FMCG,Enterprise (500+),Ishita,COO,ishita@solstice.com,Inbound - Website,28-05-2025,Divya Nair,1,4,1,3,Closed Lost,2485000,0.0,27-06-2025,08-07-2025,41,Feature gap
LD2079,Foxglove Enterprises,Healthcare,Mid-Market (51-500),Arjun,Growth Lead,arjun@foxglove.com,Cold Outbound,09-04-2026,Ananya Kapoor,2,3,1,1,Contacted,754000,0.15,24-05-2026,,,
LD2080,Anchor Ventures,Logistics,Small (1-50),Arjun,IT Manager,arjun@anchor.com,Cold Outbound,13-01-2026,Karan Bhatia,2,1,1,1,Contacted,241000,0.15,05-02-2026,,,
LD2081,Vertex Industries,Retail,Mid-Market (51-500),Pooja,Marketing Director,pooja@vertex.com,LinkedIn Outreach,17-11-2025,Sneha Iyer,2,1,1,1,Contacted,504000,0.15,30-12-2025,,,
LD2082,Meridian Industries,E-commerce,Small (1-50),Yash,Head of Operations,yash@meridian.com,Referral,16-02-2025,Ananya Kapoor,3,2,5,4,Closed Lost,236000,0.0,28-04-2025,25-03-2025,37,Budget too high
LD2083,Vertex Ventures,Education,Enterprise (500+),Kavya,Procurement Manager,kavya@vertex.com,Cold Outbound,07-03-2025,Karan Bhatia,1,1,1,3,New Lead,1664000,0.05,27-03-2025,,,
LD2084,Zenith & Co,Retail,Enterprise (500+),Kabir,Growth Lead,kabir@zenith.com,Inbound - Website,20-05-2026,Divya Nair,5,4,4,3,Closed Lost,2319000,0.0,21-06-2026,05-06-2026,16,No decision / went dark
LD2085,Ironclad & Co,Manufacturing,Small (1-50),Yash,Head of Operations,yash@ironclad.com,Cold Outbound,28-06-2025,Karan Bhatia,1,2,2,1,New Lead,162000,0.05,18-07-2025,,,
LD2086,Cobalt Ventures,E-commerce,Enterprise (500+),Zara,IT Manager,zara@cobalt.com,Inbound - Website,09-04-2026,Ananya Kapoor,3,3,2,4,Contacted,2884000,0.15,16-05-2026,,,
LD2087,Foxglove Group,Retail,Enterprise (500+),Riya,COO,riya@foxglove.com,LinkedIn Outreach,30-10-2025,Divya Nair,3,4,1,1,Contacted,2953000,0.15,11-01-2026,,,
LD2088,Nova & Co,Retail,Small (1-50),Tanya,IT Manager,tanya@nova.com,Trade Show/Event,16-07-2025,Divya Nair,2,3,3,2,Contacted,195000,0.15,28-09-2025,,,
LD2089,Vertex Industries,FMCG,Mid-Market (51-500),Ishita,Head of Operations,ishita@vertex.com,Cold Outbound,06-08-2025,Rohit Malhotra,1,1,2,1,Closed Lost,653000,0.0,27-08-2025,18-08-2025,12,Bad timing
LD2090,Granite & Co,E-commerce,Mid-Market (51-500),Meera,Marketing Director,meera@granite.com,Referral,17-02-2025,Divya Nair,4,3,3,3,New Lead,540000,0.05,13-03-2025,,,
LD2091,Cobalt Solutions,Healthcare,Small (1-50),Pooja,Head of Operations,pooja@cobalt.com,Inbound - Website,30-07-2025,Ananya Kapoor,2,4,3,4,New Lead,153000,0.05,28-09-2025,,,
LD2092,Granite Ventures,Retail,Mid-Market (51-500),Pooja,IT Manager,pooja@granite.com,Referral,16-05-2025,Sneha Iyer,5,5,4,4,Closed Lost,616000,0.0,25-06-2025,07-06-2025,22,No decision / went dark
LD2093,Anchor Industries,FMCG,Small (1-50),Zara,VP Sales,zara@anchor.com,LinkedIn Outreach,01-02-2025,Ananya Kapoor,5,1,3,2,Qualified,217000,0.35,29-03-2025,,,
LD2094,Northstar Mart,Retail,Mid-Market (51-500),Kavya,IT Manager,kavya@northstar.com,Inbound - Website,26-07-2025,Sneha Iyer,3,4,1,3,Contacted,620000,0.15,06-10-2025,,,
LD2095,Ironclad Traders,Logistics,Small (1-50),Zara,VP Sales,zara@ironclad.com,Inbound - Website,12-06-2025,Karan Bhatia,3,2,2,4,Closed Lost,191000,0.0,27-07-2025,28-06-2025,16,No decision / went dark
LD2096,Summit Retail,Healthcare,Small (1-50),Kavya,COO,kavya@summit.com,Inbound - Website,16-01-2026,Divya Nair,4,3,1,3,Contacted,169000,0.15,13-02-2026,,,
LD2097,Tidal Group,FMCG,Mid-Market (51-500),Aditya,COO,aditya@tidal.com,Trade Show/Event,09-06-2025,Sneha Iyer,4,4,3,2,Contacted,825000,0.15,15-07-2025,,,
LD2098,Redshift Enterprises,FMCG,Mid-Market (51-500),Riya,Marketing Director,riya@redshift.com,LinkedIn Outreach,19-04-2026,Sneha Iyer,3,4,2,3,Qualified,517000,0.35,16-06-2026,,,
LD2099,Anchor & Co,Hospitality,Small (1-50),Arjun,Marketing Director,arjun@anchor.com,Partner Channel,02-12-2025,Ananya Kapoor,2,4,5,2,Qualified,153000,0.35,06-02-2026,,,
LD2100,Nova Industries,Retail,Small (1-50),Arjun,Growth Lead,arjun@nova.com,Cold Outbound,22-04-2025,Karan Bhatia,3,3,2,2,Proposal Sent,183000,0.55,10-06-2025,,,
LD2101,Foxglove Group,E-commerce,Enterprise (500+),Riya,Head of Operations,riya@foxglove.com,LinkedIn Outreach,06-01-2025,Divya Nair,2,1,1,2,Contacted,2663000,0.15,09-03-2025,,,
LD2102,Northstar Solutions,Logistics,Small (1-50),Zara,Procurement Manager,zara@northstar.com,Cold Outbound,10-04-2026,Karan Bhatia,1,1,2,3,Contacted,166000,0.15,09-06-2026,,,
LD2103,Granite Retail,FMCG,Enterprise (500+),Nikhil,Procurement Manager,nikhil@granite.com,Referral,12-04-2026,Rohit Malhotra,5,4,3,4,New Lead,2794000,0.05,22-05-2026,,,
LD2104,Summit Group,Retail,Mid-Market (51-500),Pooja,VP Sales,pooja@summit.com,Referral,19-04-2025,Rohit Malhotra,4,3,2,4,Contacted,862000,0.15,07-06-2025,,,
LD2105,Ironclad Ventures,Healthcare,Small (1-50),Meera,COO,meera@ironclad.com,Cold Outbound,14-01-2026,Rohit Malhotra,1,2,1,2,New Lead,199000,0.05,14-02-2026,,,
LD2106,Havenly Solutions,Retail,Small (1-50),Meera,Marketing Director,meera@havenly.com,Inbound - Website,27-02-2025,Ananya Kapoor,3,3,3,2,Contacted,184000,0.15,01-05-2025,,,
LD2107,Palm Group,FMCG,Enterprise (500+),Riya,Founder/CEO,riya@palm.com,LinkedIn Outreach,07-11-2025,Rohit Malhotra,1,1,4,2,New Lead,2087000,0.05,22-12-2025,,,
LD2108,Zenith Enterprises,FMCG,Mid-Market (51-500),Zara,Procurement Manager,zara@zenith.com,Trade Show/Event,12-03-2025,Divya Nair,2,1,3,2,New Lead,657000,0.05,23-05-2025,,,
LD2109,Northstar Mart,Logistics,Mid-Market (51-500),Aarav,IT Manager,aarav@northstar.com,LinkedIn Outreach,29-10-2025,Karan Bhatia,1,1,2,4,Qualified,492000,0.35,31-12-2025,,,
LD2110,Zenith Solutions,FMCG,Small (1-50),Nikhil,VP Sales,nikhil@zenith.com,Inbound - Website,02-01-2026,Karan Bhatia,2,5,4,4,Contacted,243000,0.15,14-02-2026,,,
LD2111,Driftwood Retail,Education,Enterprise (500+),Kabir,Head of Operations,kabir@driftwood.com,Trade Show/Event,29-03-2025,Rohit Malhotra,3,3,2,1,Contacted,1735000,0.15,18-04-2025,,,
LD2112,Driftwood Ventures,Retail,Small (1-50),Sana,Marketing Director,sana@driftwood.com,Inbound - Website,28-10-2025,Rohit Malhotra,4,5,3,4,Closed Lost,152000,0.0,22-11-2025,07-12-2025,40,Feature gap
LD2113,Summit Traders,Logistics,Mid-Market (51-500),Arjun,Growth Lead,arjun@summit.com,LinkedIn Outreach,22-05-2026,Karan Bhatia,2,2,3,1,New Lead,512000,0.05,18-06-2026,,,
LD2114,Quartz Industries,FMCG,Mid-Market (51-500),Aarav,Founder/CEO,aarav@quartz.com,Trade Show/Event,28-08-2025,Karan Bhatia,3,3,4,2,Contacted,546000,0.15,02-10-2025,,,
LD2115,Bluepeak Industries,Manufacturing,Mid-Market (51-500),Kavya,VP Sales,kavya@bluepeak.com,Cold Outbound,25-11-2025,Karan Bhatia,2,1,2,1,Contacted,522000,0.15,27-01-2026,,,
LD2116,Redshift Mart,Healthcare,Mid-Market (51-500),Pooja,Founder/CEO,pooja@redshift.com,Cold Outbound,22-01-2025,Sneha Iyer,4,2,1,1,New Lead,720000,0.05,17-02-2025,,,
LD2117,Crestline Mart,Retail,Small (1-50),Kabir,IT Manager,kabir@crestline.com,Inbound - Website,04-02-2025,Ananya Kapoor,2,3,4,2,New Lead,159000,0.05,19-03-2025,,,
LD2118,Ridge Mart,Retail,Small (1-50),Meera,COO,meera@ridge.com,Inbound - Website,22-03-2026,Sneha Iyer,4,1,5,4,Qualified,228000,0.35,03-05-2026,,,
LD2119,Ironclad Solutions,Manufacturing,Small (1-50),Meera,VP Sales,meera@ironclad.com,Inbound - Website,16-07-2025,Ananya Kapoor,4,4,3,4,Qualified,232000,0.35,08-08-2025,,,
LD2120,Willow & Co,Manufacturing,Enterprise (500+),Aditya,Head of Operations,aditya@willow.com,Inbound - Website,17-02-2025,Ananya Kapoor,1,3,4,2,New Lead,2560000,0.05,12-04-2025,,,
LD2121,Granite Traders,Manufacturing,Mid-Market (51-500),Aarav,COO,aarav@granite.com,Referral,06-08-2025,Rohit Malhotra,4,3,4,3,Contacted,729000,0.15,21-09-2025,,,
LD2122,Quartz Ventures,E-commerce,Mid-Market (51-500),Ishita,Head of Operations,ishita@quartz.com,LinkedIn Outreach,23-05-2025,Sneha Iyer,1,3,2,1,Qualified,833000,0.35,15-06-2025,,,
LD2123,Zenith Mart,FMCG,Enterprise (500+),Zara,Head of Operations,zara@zenith.com,Cold Outbound,08-03-2026,Ananya Kapoor,1,3,3,2,Contacted,2899000,0.15,09-05-2026,,,
LD2124,Bluepeak Group,Retail,Small (1-50),Meera,Founder/CEO,meera@bluepeak.com,LinkedIn Outreach,26-03-2025,Ananya Kapoor,3,2,1,1,Contacted,169000,0.15,22-04-2025,,,
LD2125,Granite Industries,E-commerce,Mid-Market (51-500),Vivaan,IT Manager,vivaan@granite.com,Referral,29-04-2026,Rohit Malhotra,5,4,5,4,New Lead,546000,0.05,11-06-2026,,,
LD2126,Vertex Retail,E-commerce,Enterprise (500+),Vivaan,Growth Lead,vivaan@vertex.com,Cold Outbound,26-05-2026,Ananya Kapoor,1,2,1,1,New Lead,2541000,0.05,15-06-2026,,,
LD2127,Zenith Traders,Hospitality,Mid-Market (51-500),Kavya,Founder/CEO,kavya@zenith.com,Inbound - Website,15-11-2025,Karan Bhatia,4,5,3,5,Qualified,848000,0.35,15-12-2025,,,
LD2128,Crestline Solutions,FMCG,Mid-Market (51-500),Arjun,VP Sales,arjun@crestline.com,Cold Outbound,04-03-2026,Sneha Iyer,3,2,3,1,New Lead,571000,0.05,29-04-2026,,,
LD2129,Ironclad & Co,Retail,Mid-Market (51-500),Nikhil,Marketing Director,nikhil@ironclad.com,Trade Show/Event,07-12-2025,Rohit Malhotra,2,3,3,3,Contacted,812000,0.15,11-01-2026,,,
LD2130,Zenith Solutions,E-commerce,Small (1-50),Pooja,COO,pooja@zenith.com,Inbound - Website,08-04-2026,Karan Bhatia,1,3,3,3,Qualified,209000,0.35,03-06-2026,,,
LD2131,Ember Group,E-commerce,Mid-Market (51-500),Arjun,VP Sales,arjun@ember.com,Cold Outbound,29-03-2025,Rohit Malhotra,2,2,1,2,Contacted,510000,0.15,17-05-2025,,,
LD2132,Redshift Enterprises,Education,Small (1-50),Pooja,Marketing Director,pooja@redshift.com,Cold Outbound,30-01-2026,Ananya Kapoor,2,3,1,1,Contacted,139000,0.15,07-03-2026,,,
LD2133,Cobalt Mart,Education,Small (1-50),Vivaan,Founder/CEO,vivaan@cobalt.com,Inbound - Website,13-07-2025,Sneha Iyer,4,3,4,2,Closed Won,163000,1.0,25-08-2025,17-08-2025,35,
LD2134,Tidal Mart,FMCG,Small (1-50),Kabir,IT Manager,kabir@tidal.com,Cold Outbound,20-11-2025,Ananya Kapoor,3,1,3,1,Contacted,205000,0.15,03-02-2026,,,
LD2135,Vertex Enterprises,Logistics,Enterprise (500+),Kabir,Founder/CEO,kabir@vertex.com,Cold Outbound,14-10-2025,Divya Nair,1,1,1,2,New Lead,2335000,0.05,19-11-2025,,,
LD2136,Ironclad Traders,FMCG,Small (1-50),Vivaan,IT Manager,vivaan@ironclad.com,Referral,23-01-2026,Karan Bhatia,4,4,5,4,Contacted,143000,0.15,24-03-2026,,,
LD2137,Meridian Group,Hospitality,Mid-Market (51-500),Riya,VP Sales,riya@meridian.com,Cold Outbound,23-11-2025,Divya Nair,3,2,2,1,Contacted,681000,0.15,05-01-2026,,,
LD2138,Solstice Ventures,FMCG,Small (1-50),Pooja,VP Sales,pooja@solstice.com,Partner Channel,20-09-2025,Ananya Kapoor,1,4,4,2,New Lead,222000,0.05,13-10-2025,,,
LD2139,Quartz Enterprises,Healthcare,Mid-Market (51-500),Kavya,IT Manager,kavya@quartz.com,Inbound - Website,14-04-2025,Sneha Iyer,3,2,3,3,Contacted,601000,0.15,10-05-2025,,,
LD2140,Nova Mart,Retail,Mid-Market (51-500),Kabir,VP Sales,kabir@nova.com,Referral,04-02-2026,Rohit Malhotra,5,2,4,3,New Lead,899000,0.05,08-04-2026,,,
LD2141,Granite Mart,Healthcare,Small (1-50),Meera,Growth Lead,meera@granite.com,Partner Channel,10-06-2025,Sneha Iyer,3,2,4,2,New Lead,249000,0.05,08-07-2025,,,
LD2142,Palm Industries,E-commerce,Mid-Market (51-500),Arjun,Growth Lead,arjun@palm.com,Cold Outbound,23-01-2025,Rohit Malhotra,1,2,3,1,Closed Lost,850000,0.0,21-02-2025,08-02-2025,16,No decision / went dark
LD2143,Quartz Solutions,FMCG,Small (1-50),Meera,IT Manager,meera@quartz.com,Inbound - Website,26-02-2026,Sneha Iyer,2,1,3,4,Closed Won,174000,1.0,22-04-2026,02-04-2026,35,
LD2144,Ironclad Solutions,E-commerce,Small (1-50),Zara,Founder/CEO,zara@ironclad.com,Partner Channel,26-07-2025,Rohit Malhotra,3,4,3,3,New Lead,214000,0.05,21-08-2025,,,
LD2145,Solstice Industries,Retail,Enterprise (500+),Aditya,Founder/CEO,aditya@solstice.com,Trade Show/Event,28-02-2025,Ananya Kapoor,3,2,3,1,Closed Won,1848000,1.0,02-04-2025,13-04-2025,44,
LD2146,Quartz Solutions,Retail,Small (1-50),Riya,Marketing Director,riya@quartz.com,LinkedIn Outreach,24-08-2025,Ananya Kapoor,1,1,4,3,New Lead,142000,0.05,29-10-2025,,,
LD2147,Quartz Traders,Education,Mid-Market (51-500),Aarav,Growth Lead,aarav@quartz.com,Cold Outbound,21-05-2025,Divya Nair,3,2,1,3,Closed Lost,835000,0.0,04-08-2025,15-06-2025,25,Not enough authority to buy
LD2148,Vertex Industries,E-commerce,Mid-Market (51-500),Kavya,VP Sales,kavya@vertex.com,Referral,04-05-2026,Divya Nair,3,4,5,2,New Lead,721000,0.05,16-06-2026,,,
LD2149,Crestline & Co,FMCG,Small (1-50),Ishita,IT Manager,ishita@crestline.com,Cold Outbound,31-12-2025,Ananya Kapoor,2,2,1,1,Contacted,226000,0.15,16-03-2026,,,
LD2150,Nova Group,FMCG,Mid-Market (51-500),Vivaan,Marketing Director,vivaan@nova.com,Partner Channel,21-04-2025,Divya Nair,2,3,3,4,New Lead,618000,0.05,19-05-2025,,,
LD2151,Meridian Mart,FMCG,Small (1-50),Meera,COO,meera@meridian.com,Inbound - Website,06-07-2025,Ananya Kapoor,1,3,4,2,Qualified,228000,0.35,28-08-2025,,,
LD2152,Zenith Mart,Retail,Small (1-50),Nikhil,Founder/CEO,nikhil@zenith.com,LinkedIn Outreach,07-04-2025,Karan Bhatia,1,2,1,1,Closed Lost,186000,0.0,11-05-2025,24-04-2025,17,No decision / went dark
LD2153,Granite Enterprises,E-commerce,Small (1-50),Dev,Growth Lead,dev@granite.com,Partner Channel,19-01-2025,Divya Nair,4,3,5,4,Contacted,163000,0.15,11-02-2025,,,
LD2154,Ironclad Ventures,Education,Mid-Market (51-500),Ishita,COO,ishita@ironclad.com,Trade Show/Event,04-09-2025,Divya Nair,3,1,3,3,New Lead,716000,0.05,14-10-2025,,,
LD2155,Granite Mart,E-commerce,Enterprise (500+),Ishita,VP Sales,ishita@granite.com,Partner Channel,31-05-2025,Karan Bhatia,4,3,1,3,Closed Lost,2588000,0.0,15-07-2025,07-07-2025,37,Budget too high
LD2156,Willow Traders,Healthcare,Mid-Market (51-500),Arjun,Head of Operations,arjun@willow.com,Trade Show/Event,05-02-2025,Divya Nair,1,3,3,3,Contacted,826000,0.15,27-02-2025,,,
LD2157,Bluepeak Mart,E-commerce,Enterprise (500+),Aditya,Procurement Manager,aditya@bluepeak.com,Cold Outbound,14-01-2025,Sneha Iyer,4,2,1,1,Qualified,2930000,0.35,20-02-2025,,,
LD2158,Summit Solutions,Healthcare,Enterprise (500+),Yash,Marketing Director,yash@summit.com,Cold Outbound,07-05-2025,Divya Nair,2,2,1,1,Contacted,2071000,0.15,13-07-2025,,,
LD2159,Northstar Group,FMCG,Mid-Market (51-500),Dev,COO,dev@northstar.com,Inbound - Website,31-01-2026,Divya Nair,2,5,2,4,Closed Lost,836000,0.0,14-03-2026,15-03-2026,43,Budget too high
LD2160,Summit Traders,Retail,Enterprise (500+),Kavya,Procurement Manager,kavya@summit.com,Inbound - Website,19-05-2026,Ananya Kapoor,3,4,2,2,New Lead,1742000,0.05,18-06-2026,,,
LD2161,Redshift Traders,E-commerce,Mid-Market (51-500),Pooja,IT Manager,pooja@redshift.com,Cold Outbound,05-03-2025,Ananya Kapoor,3,1,1,1,Proposal Sent,866000,0.55,16-05-2025,,,
LD2162,Palm Mart,E-commerce,Small (1-50),Sana,COO,sana@palm.com,Cold Outbound,11-05-2025,Divya Nair,2,3,1,1,Proposal Sent,248000,0.55,24-06-2025,,,
LD2163,Crestline Enterprises,Manufacturing,Mid-Market (51-500),Tanya,COO,tanya@crestline.com,Inbound - Website,27-10-2025,Sneha Iyer,3,4,3,2,Closed Lost,649000,0.0,21-11-2025,28-11-2025,32,Chose competitor
LD2164,Summit Solutions,Hospitality,Enterprise (500+),Zara,Growth Lead,zara@summit.com,Partner Channel,29-07-2025,Ananya Kapoor,3,4,2,3,Contacted,2369000,0.15,06-09-2025,,,
LD2165,Bluepeak Ventures,Manufacturing,Small (1-50),Tanya,Head of Operations,tanya@bluepeak.com,Cold Outbound,03-02-2026,Karan Bhatia,1,2,2,3,New Lead,150000,0.05,07-04-2026,,,
LD2166,Ironclad Mart,FMCG,Small (1-50),Dev,Head of Operations,dev@ironclad.com,Cold Outbound,24-02-2026,Divya Nair,2,2,2,1,Contacted,246000,0.15,16-04-2026,,,
LD2167,Ember Enterprises,Retail,Small (1-50),Zara,Founder/CEO,zara@ember.com,Cold Outbound,24-06-2025,Sneha Iyer,1,2,2,1,Contacted,202000,0.15,01-08-2025,,,
LD2168,Tidal Retail,Healthcare,Small (1-50),Zara,VP Sales,zara@tidal.com,Trade Show/Event,24-10-2025,Karan Bhatia,3,1,4,2,Contacted,154000,0.15,05-12-2025,,,
LD2169,Nova Group,Retail,Mid-Market (51-500),Riya,Procurement Manager,riya@nova.com,Inbound - Website,03-01-2025,Sneha Iyer,3,3,2,3,Contacted,526000,0.15,06-03-2025,,,
LD2170,Northstar Ventures,FMCG,Enterprise (500+),Meera,VP Sales,meera@northstar.com,Trade Show/Event,30-09-2025,Rohit Malhotra,4,3,2,4,Contacted,2961000,0.15,29-10-2025,,,
LD2171,Granite Enterprises,FMCG,Enterprise (500+),Aditya,Marketing Director,aditya@granite.com,Referral,13-04-2025,Karan Bhatia,4,3,5,2,Contacted,1926000,0.15,15-06-2025,,,
LD2172,Palm Retail,Manufacturing,Small (1-50),Tanya,Marketing Director,tanya@palm.com,Inbound - Website,29-12-2025,Divya Nair,3,1,3,4,Proposal Sent,178000,0.55,20-01-2026,,,
LD2173,Meridian & Co,Education,Enterprise (500+),Sana,Growth Lead,sana@meridian.com,Referral,17-08-2025,Sneha Iyer,3,4,4,4,Closed Lost,2180000,0.0,13-10-2025,23-09-2025,37,No decision / went dark
LD2174,Orbit & Co,Retail,Enterprise (500+),Kavya,Marketing Director,kavya@orbit.com,Referral,12-05-2026,Rohit Malhotra,4,4,5,5,Closed Lost,2373000,0.0,05-06-2026,20-06-2026,39,Chose competitor
LD2175,Palm Mart,Retail,Small (1-50),Tanya,Founder/CEO,tanya@palm.com,Inbound - Website,01-02-2026,Ananya Kapoor,4,2,4,2,Closed Won,153000,1.0,28-03-2026,25-02-2026,24,
LD2176,Solstice Mart,E-commerce,Mid-Market (51-500),Kavya,Marketing Director,kavya@solstice.com,Inbound - Website,12-01-2026,Divya Nair,1,3,5,4,Qualified,723000,0.35,18-03-2026,,,
LD2177,Foxglove & Co,Healthcare,Small (1-50),Aarav,Founder/CEO,aarav@foxglove.com,Cold Outbound,18-02-2026,Ananya Kapoor,1,2,3,1,Contacted,186000,0.15,27-03-2026,,,
LD2178,Bluepeak Solutions,Logistics,Mid-Market (51-500),Vivaan,Marketing Director,vivaan@bluepeak.com,Referral,15-11-2025,Rohit Malhotra,4,5,5,4,Qualified,666000,0.35,17-12-2025,,,
LD2179,Granite Industries,E-commerce,Mid-Market (51-500),Arjun,Founder/CEO,arjun@granite.com,Referral,23-10-2025,Karan Bhatia,5,5,4,4,New Lead,857000,0.05,11-12-2025,,,
LD2180,Driftwood Retail,Logistics,Mid-Market (51-500),Nikhil,VP Sales,nikhil@driftwood.com,Cold Outbound,31-01-2025,Karan Bhatia,1,3,2,2,Closed Won,634000,1.0,06-04-2025,03-03-2025,31,
LD2181,Tidal Mart,Retail,Mid-Market (51-500),Arjun,Growth Lead,arjun@tidal.com,Cold Outbound,15-06-2025,Ananya Kapoor,1,1,1,1,Contacted,540000,0.15,19-07-2025,,,
LD2182,Tidal Retail,Logistics,Small (1-50),Tanya,Head of Operations,tanya@tidal.com,Partner Channel,24-12-2025,Sneha Iyer,3,2,4,3,New Lead,182000,0.05,08-03-2026,,,
LD2183,Meridian Solutions,Healthcare,Small (1-50),Vivaan,COO,vivaan@meridian.com,LinkedIn Outreach,08-02-2025,Ananya Kapoor,2,1,1,3,Contacted,136000,0.15,08-04-2025,,,
LD2184,Granite Group,FMCG,Small (1-50),Ishita,IT Manager,ishita@granite.com,Cold Outbound,11-03-2026,Karan Bhatia,3,2,2,2,Qualified,205000,0.35,01-05-2026,,,
LD2185,Ember Group,Manufacturing,Enterprise (500+),Aarav,Procurement Manager,aarav@ember.com,Cold Outbound,28-06-2025,Divya Nair,1,1,1,2,Closed Lost,1828000,0.0,02-08-2025,29-07-2025,31,No decision / went dark
LD2186,Granite & Co,E-commerce,Small (1-50),Kabir,Head of Operations,kabir@granite.com,Partner Channel,17-05-2025,Rohit Malhotra,5,3,2,2,Closed Lost,217000,0.0,05-07-2025,14-06-2025,28,Chose competitor
LD2187,Orbit Industries,Retail,Mid-Market (51-500),Dev,Procurement Manager,dev@orbit.com,Referral,24-10-2025,Sneha Iyer,3,5,4,3,Contacted,665000,0.15,11-12-2025,,,
LD2188,Summit Enterprises,FMCG,Small (1-50),Aarav,COO,aarav@summit.com,Cold Outbound,25-04-2026,Ananya Kapoor,1,3,2,2,Closed Lost,161000,0.0,04-07-2026,17-06-2026,53,Chose competitor
LD2189,Driftwood Industries,Healthcare,Mid-Market (51-500),Meera,IT Manager,meera@driftwood.com,LinkedIn Outreach,04-04-2025,Sneha Iyer,4,3,2,3,Closed Lost,670000,0.0,27-05-2025,26-04-2025,22,Feature gap
LD2190,Solstice Group,E-commerce,Mid-Market (51-500),Ishita,VP Sales,ishita@solstice.com,Cold Outbound,01-12-2025,Rohit Malhotra,1,1,1,1,Contacted,832000,0.15,12-02-2026,,,
LD2191,Quartz & Co,Education,Mid-Market (51-500),Pooja,Founder/CEO,pooja@quartz.com,Cold Outbound,20-04-2025,Karan Bhatia,2,4,3,1,New Lead,588000,0.05,23-05-2025,,,
LD2192,Bluepeak Retail,Retail,Mid-Market (51-500),Yash,Procurement Manager,yash@bluepeak.com,Cold Outbound,03-11-2025,Rohit Malhotra,2,1,2,1,Contacted,883000,0.15,18-12-2025,,,
LD2193,Redshift & Co,Retail,Small (1-50),Aditya,IT Manager,aditya@redshift.com,Inbound - Website,15-07-2025,Divya Nair,3,3,3,2,New Lead,241000,0.05,23-09-2025,,,
LD2194,Northstar Industries,E-commerce,Mid-Market (51-500),Nikhil,IT Manager,nikhil@northstar.com,LinkedIn Outreach,15-03-2025,Sneha Iyer,2,3,1,3,Contacted,600000,0.15,26-05-2025,,,
LD2195,Willow Traders,E-commerce,Mid-Market (51-500),Ishita,COO,ishita@willow.com,Cold Outbound,05-01-2025,Rohit Malhotra,1,2,3,3,Proposal Sent,783000,0.55,19-02-2025,,,
LD2196,Nova Group,E-commerce,Small (1-50),Tanya,Procurement Manager,tanya@nova.com,Cold Outbound,01-11-2025,Rohit Malhotra,3,3,1,3,Contacted,247000,0.15,31-12-2025,,,
LD2197,Solstice Traders,FMCG,Mid-Market (51-500),Tanya,Founder/CEO,tanya@solstice.com,Inbound - Website,29-03-2025,Karan Bhatia,1,3,5,2,Contacted,825000,0.15,13-05-2025,,,
LD2198,Ember Mart,Education,Small (1-50),Tanya,Procurement Manager,tanya@ember.com,Cold Outbound,27-07-2025,Sneha Iyer,1,1,4,3,Contacted,220000,0.15,01-09-2025,,,
LD2199,Palm Industries,Logistics,Mid-Market (51-500),Meera,Head of Operations,meera@palm.com,Cold Outbound,20-08-2025,Divya Nair,2,1,2,2,Contacted,807000,0.15,30-10-2025,,,
LD2200,Ember Group,Retail,Small (1-50),Yash,IT Manager,yash@ember.com,Trade Show/Event,17-04-2026,Rohit Malhotra,3,5,2,3,Closed Lost,213000,0.0,07-05-2026,29-04-2026,12,No decision / went dark
LD2201,Tidal Traders,Healthcare,Small (1-50),Kavya,Founder/CEO,kavya@tidal.com,LinkedIn Outreach,04-05-2025,Divya Nair,3,3,2,1,New Lead,244000,0.05,05-06-2025,,,
LD2202,Meridian Enterprises,Logistics,Small (1-50),Kavya,Procurement Manager,kavya@meridian.com,LinkedIn Outreach,11-01-2026,Ananya Kapoor,1,3,4,2,New Lead,236000,0.05,07-02-2026,,,
LD2203,Vertex Group,E-commerce,Small (1-50),Arjun,COO,arjun@vertex.com,Trade Show/Event,14-02-2025,Sneha Iyer,2,3,4,4,New Lead,187000,0.05,13-03-2025,,,
LD2204,Solstice Industries,Hospitality,Small (1-50),Aditya,IT Manager,aditya@solstice.com,LinkedIn Outreach,17-07-2025,Karan Bhatia,3,1,1,2,Contacted,241000,0.15,10-08-2025,,,
LD2205,Nova Enterprises,E-commerce,Mid-Market (51-500),Aditya,Procurement Manager,aditya@nova.com,Trade Show/Event,25-01-2026,Sneha Iyer,4,4,4,1,New Lead,518000,0.05,14-02-2026,,,
LD2206,Ironclad Group,Education,Small (1-50),Vivaan,COO,vivaan@ironclad.com,Cold Outbound,29-05-2026,Ananya Kapoor,3,1,2,4,Qualified,141000,0.35,16-07-2026,,,
LD2207,Palm Enterprises,Retail,Small (1-50),Yash,Growth Lead,yash@palm.com,Cold Outbound,04-12-2025,Divya Nair,2,1,1,1,Contacted,165000,0.15,08-02-2026,,,
LD2208,Vertex Industries,FMCG,Small (1-50),Aditya,IT Manager,aditya@vertex.com,Inbound - Website,29-12-2025,Rohit Malhotra,3,5,3,2,Contacted,206000,0.15,25-02-2026,,,
LD2209,Vertex Ventures,E-commerce,Mid-Market (51-500),Meera,Marketing Director,meera@vertex.com,Inbound - Website,29-01-2026,Divya Nair,2,2,3,2,Contacted,536000,0.15,03-04-2026,,,
LD2210,Zenith Traders,E-commerce,Mid-Market (51-500),Sana,COO,sana@zenith.com,Cold Outbound,13-03-2026,Sneha Iyer,3,2,1,1,New Lead,728000,0.05,17-04-2026,,,
LD2211,Vertex Enterprises,E-commerce,Mid-Market (51-500),Dev,Procurement Manager,dev@vertex.com,Cold Outbound,07-01-2026,Divya Nair,3,2,1,1,New Lead,857000,0.05,17-02-2026,,,
LD2212,Northstar Traders,Retail,Small (1-50),Aditya,IT Manager,aditya@northstar.com,Cold Outbound,31-05-2026,Sneha Iyer,1,2,3,2,Closed Lost,142000,0.0,09-07-2026,19-06-2026,19,No decision / went dark
LD2213,Bluepeak Mart,Manufacturing,Mid-Market (51-500),Dev,Founder/CEO,dev@bluepeak.com,Inbound - Website,12-11-2025,Sneha Iyer,4,4,5,5,Closed Won,555000,1.0,17-01-2026,20-12-2025,38,
LD2214,Zenith Retail,Logistics,Mid-Market (51-500),Vivaan,Head of Operations,vivaan@zenith.com,Trade Show/Event,10-10-2025,Sneha Iyer,3,4,1,3,Closed Lost,753000,0.0,02-11-2025,18-11-2025,39,Budget too high
LD2215,Crestline Industries,E-commerce,Small (1-50),Ishita,Growth Lead,ishita@crestline.com,LinkedIn Outreach,16-12-2025,Ananya Kapoor,3,1,2,1,Closed Lost,237000,0.0,17-02-2026,31-12-2025,15,No decision / went dark
LD2216,Crestline Enterprises,Logistics,Mid-Market (51-500),Ishita,Growth Lead,ishita@crestline.com,Referral,16-02-2025,Divya Nair,4,4,4,4,Contacted,613000,0.15,09-03-2025,,,
LD2217,Havenly Enterprises,Retail,Small (1-50),Zara,COO,zara@havenly.com,Inbound - Website,04-12-2025,Divya Nair,3,2,2,2,New Lead,207000,0.05,29-12-2025,,,
LD2218,Cobalt Solutions,E-commerce,Mid-Market (51-500),Yash,IT Manager,yash@cobalt.com,LinkedIn Outreach,07-06-2025,Divya Nair,2,1,1,1,Contacted,772000,0.15,15-08-2025,,,
LD2219,Havenly Industries,Retail,Enterprise (500+),Tanya,Growth Lead,tanya@havenly.com,Cold Outbound,06-01-2026,Ananya Kapoor,2,1,1,1,Contacted,2954000,0.15,16-03-2026,,,
LD2220,Willow Enterprises,Retail,Mid-Market (51-500),Aditya,Founder/CEO,aditya@willow.com,Partner Channel,03-04-2025,Divya Nair,2,2,4,4,Contacted,584000,0.15,09-05-2025,,,
LD2221,Ridge Enterprises,Logistics,Small (1-50),Nikhil,Procurement Manager,nikhil@ridge.com,Cold Outbound,15-06-2025,Karan Bhatia,3,1,3,1,New Lead,185000,0.05,05-08-2025,,,
LD2222,Vertex Group,Retail,Enterprise (500+),Nikhil,Growth Lead,nikhil@vertex.com,Inbound - Website,06-08-2025,Ananya Kapoor,3,5,3,2,Contacted,2874000,0.15,17-09-2025,,,
LD2223,Northstar Mart,Retail,Mid-Market (51-500),Arjun,Founder/CEO,arjun@northstar.com,Partner Channel,20-01-2026,Sneha Iyer,1,4,2,2,Closed Lost,644000,0.0,17-03-2026,26-02-2026,37,Budget too high
LD2224,Ridge Retail,FMCG,Small (1-50),Kabir,COO,kabir@ridge.com,Inbound - Website,04-11-2025,Rohit Malhotra,1,2,3,1,Contacted,140000,0.15,22-12-2025,,,
LD2225,Driftwood Retail,Retail,Enterprise (500+),Meera,Founder/CEO,meera@driftwood.com,LinkedIn Outreach,17-02-2025,Rohit Malhotra,2,1,2,3,New Lead,2445000,0.05,28-03-2025,,,
LD2226,Tidal Group,FMCG,Small (1-50),Kabir,VP Sales,kabir@tidal.com,Referral,10-01-2025,Sneha Iyer,4,4,5,5,Closed Lost,205000,0.0,01-02-2025,21-02-2025,42,Feature gap
LD2227,Bluepeak Traders,FMCG,Mid-Market (51-500),Meera,Procurement Manager,meera@bluepeak.com,Referral,08-02-2025,Ananya Kapoor,4,4,5,5,Contacted,503000,0.15,20-03-2025,,,
LD2228,Redshift Enterprises,Retail,Small (1-50),Pooja,Head of Operations,pooja@redshift.com,Cold Outbound,20-05-2025,Divya Nair,1,3,1,2,Contacted,235000,0.15,16-06-2025,,,
LD2229,Solstice Solutions,Hospitality,Enterprise (500+),Vivaan,VP Sales,vivaan@solstice.com,Partner Channel,24-12-2025,Rohit Malhotra,3,1,4,4,Contacted,1700000,0.15,13-01-2026,,,
LD2230,Palm Ventures,FMCG,Small (1-50),Sana,COO,sana@palm.com,Cold Outbound,21-07-2025,Sneha Iyer,1,4,2,3,Contacted,230000,0.15,20-09-2025,,,
LD2231,Nova Group,Logistics,Enterprise (500+),Arjun,Growth Lead,arjun@nova.com,Partner Channel,25-02-2026,Karan Bhatia,4,4,4,2,Proposal Sent,2756000,0.55,26-04-2026,,,
LD2232,Vertex & Co,Retail,Mid-Market (51-500),Dev,Procurement Manager,dev@vertex.com,Trade Show/Event,04-09-2025,Divya Nair,3,3,2,4,New Lead,764000,0.05,08-11-2025,,,
LD2233,Meridian & Co,FMCG,Mid-Market (51-500),Kavya,Head of Operations,kavya@meridian.com,Cold Outbound,20-11-2025,Karan Bhatia,1,1,1,2,Contacted,621000,0.15,03-01-2026,,,
LD2234,Redshift Mart,Manufacturing,Small (1-50),Tanya,Founder/CEO,tanya@redshift.com,Partner Channel,07-02-2026,Sneha Iyer,4,5,4,4,Closed Lost,165000,0.0,21-03-2026,28-02-2026,21,Not enough authority to buy
LD2235,Lumen Traders,FMCG,Mid-Market (51-500),Zara,Founder/CEO,zara@lumen.com,Partner Channel,09-03-2025,Divya Nair,3,4,2,4,Closed Lost,491000,0.0,21-04-2025,12-04-2025,34,Chose competitor
LD2236,Ironclad Solutions,Manufacturing,Small (1-50),Yash,Head of Operations,yash@ironclad.com,Cold Outbound,15-09-2025,Divya Nair,1,2,3,3,Contacted,251000,0.15,22-10-2025,,,
LD2237,Crestline & Co,Retail,Mid-Market (51-500),Arjun,VP Sales,arjun@crestline.com,Cold Outbound,06-04-2026,Divya Nair,1,1,3,1,Qualified,604000,0.35,29-05-2026,,,
LD2238,Meridian Solutions,Manufacturing,Small (1-50),Yash,Head of Operations,yash@meridian.com,Referral,25-07-2025,Sneha Iyer,5,5,3,5,Contacted,217000,0.15,30-08-2025,,,
LD2239,Palm & Co,E-commerce,Small (1-50),Kavya,VP Sales,kavya@palm.com,Trade Show/Event,21-05-2026,Sneha Iyer,3,3,3,3,Contacted,245000,0.15,25-07-2026,,,
LD2240,Willow Group,Manufacturing,Small (1-50),Kavya,Head of Operations,kavya@willow.com,Partner Channel,30-10-2025,Sneha Iyer,4,3,3,2,Contacted,201000,0.15,27-11-2025,,,
LD2241,Granite Retail,Logistics,Small (1-50),Meera,Procurement Manager,meera@granite.com,Inbound - Website,28-07-2025,Karan Bhatia,1,1,2,1,Contacted,203000,0.15,27-09-2025,,,
LD2242,Ironclad Mart,Hospitality,Small (1-50),Aditya,VP Sales,aditya@ironclad.com,LinkedIn Outreach,19-04-2026,Rohit Malhotra,3,2,1,2,New Lead,246000,0.05,06-06-2026,,,
LD2243,Bluepeak Group,Retail,Small (1-50),Vivaan,VP Sales,vivaan@bluepeak.com,LinkedIn Outreach,26-08-2025,Sneha Iyer,3,1,3,1,Contacted,160000,0.15,22-09-2025,,,
LD2244,Vertex Ventures,Retail,Mid-Market (51-500),Zara,Founder/CEO,zara@vertex.com,Cold Outbound,15-04-2025,Karan Bhatia,1,1,1,4,Contacted,737000,0.15,04-06-2025,,,
LD2245,Ironclad Ventures,Retail,Enterprise (500+),Zara,VP Sales,zara@ironclad.com,Trade Show/Event,21-02-2026,Sneha Iyer,5,3,3,3,Closed Won,2431000,1.0,17-04-2026,29-03-2026,36,
LD2246,Tidal Industries,Education,Enterprise (500+),Kavya,COO,kavya@tidal.com,Inbound - Website,11-11-2025,Divya Nair,4,5,1,2,Proposal Sent,2417000,0.55,15-01-2026,,,
LD2247,Ridge Group,Manufacturing,Mid-Market (51-500),Yash,Growth Lead,yash@ridge.com,Cold Outbound,25-07-2025,Sneha Iyer,2,1,2,2,Closed Lost,820000,0.0,01-09-2025,07-08-2025,13,Bad timing
LD2248,Northstar Retail,Retail,Small (1-50),Riya,Procurement Manager,riya@northstar.com,Inbound - Website,01-04-2026,Ananya Kapoor,3,1,3,2,Contacted,217000,0.15,22-05-2026,,,
LD2249,Meridian Solutions,E-commerce,Mid-Market (51-500),Yash,Growth Lead,yash@meridian.com,LinkedIn Outreach,15-08-2025,Rohit Malhotra,1,2,1,2,Closed Lost,796000,0.0,30-09-2025,04-09-2025,20,Feature gap
LD2250,Granite Group,Retail,Enterprise (500+),Dev,Founder/CEO,dev@granite.com,Trade Show/Event,08-06-2025,Rohit Malhotra,4,3,2,3,New Lead,1747000,0.05,16-07-2025,,,
LD2251,Meridian & Co,Education,Small (1-50),Ishita,COO,ishita@meridian.com,Partner Channel,13-11-2025,Rohit Malhotra,3,3,4,5,New Lead,172000,0.05,14-01-2026,,,
LD2252,Redshift Ventures,Manufacturing,Small (1-50),Vivaan,IT Manager,vivaan@redshift.com,Inbound - Website,25-01-2026,Ananya Kapoor,2,4,5,5,Closed Won,147000,1.0,27-03-2026,28-02-2026,34,
LD2253,Tidal Ventures,FMCG,Mid-Market (51-500),Vivaan,Marketing Director,vivaan@tidal.com,Inbound - Website,17-05-2026,Ananya Kapoor,4,4,3,2,Contacted,618000,0.15,14-07-2026,,,
LD2254,Palm Mart,Logistics,Mid-Market (51-500),Tanya,COO,tanya@palm.com,Cold Outbound,24-05-2025,Rohit Malhotra,2,2,1,3,Closed Lost,846000,0.0,05-07-2025,15-06-2025,22,Chose competitor
LD2255,Tidal Traders,E-commerce,Mid-Market (51-500),Zara,Founder/CEO,zara@tidal.com,Inbound - Website,08-01-2026,Ananya Kapoor,4,2,3,5,Closed Won,559000,1.0,01-03-2026,07-02-2026,30,
LD2256,Zenith Solutions,E-commerce,Small (1-50),Meera,Head of Operations,meera@zenith.com,Cold Outbound,02-03-2026,Rohit Malhotra,3,3,1,2,Qualified,164000,0.35,10-04-2026,,,
LD2257,Zenith Group,FMCG,Mid-Market (51-500),Tanya,Head of Operations,tanya@zenith.com,Referral,02-09-2025,Ananya Kapoor,5,4,4,4,Closed Won,900000,1.0,05-10-2025,14-10-2025,42,
LD2258,Tidal Traders,Education,Small (1-50),Vivaan,Marketing Director,vivaan@tidal.com,Referral,16-01-2025,Divya Nair,4,4,3,4,Closed Lost,161000,0.0,23-02-2025,21-02-2025,36,Chose competitor
LD2259,Granite Mart,FMCG,Mid-Market (51-500),Riya,VP Sales,riya@granite.com,Inbound - Website,28-08-2025,Ananya Kapoor,3,5,4,3,Closed Lost,896000,0.0,07-11-2025,26-09-2025,29,Chose competitor
LD2260,Foxglove Ventures,E-commerce,Small (1-50),Riya,Founder/CEO,riya@foxglove.com,Partner Channel,22-11-2025,Ananya Kapoor,1,3,2,5,New Lead,239000,0.05,21-12-2025,,,
LD2261,Quartz Retail,Healthcare,Small (1-50),Pooja,COO,pooja@quartz.com,LinkedIn Outreach,19-12-2025,Sneha Iyer,1,2,3,4,Contacted,246000,0.15,27-02-2026,,,
LD2262,Lumen Traders,Retail,Mid-Market (51-500),Kavya,Founder/CEO,kavya@lumen.com,LinkedIn Outreach,12-03-2025,Ananya Kapoor,4,3,2,1,New Lead,748000,0.05,21-05-2025,,,
LD2263,Palm Industries,Retail,Mid-Market (51-500),Zara,Growth Lead,zara@palm.com,LinkedIn Outreach,20-05-2026,Sneha Iyer,2,3,1,2,New Lead,610000,0.05,26-07-2026,,,
LD2264,Meridian Group,Manufacturing,Mid-Market (51-500),Kabir,Procurement Manager,kabir@meridian.com,LinkedIn Outreach,03-11-2025,Ananya Kapoor,3,2,2,3,Contacted,498000,0.15,16-01-2026,,,
LD2265,Granite Enterprises,Healthcare,Mid-Market (51-500),Nikhil,Growth Lead,nikhil@granite.com,Trade Show/Event,31-08-2025,Ananya Kapoor,4,1,4,3,Contacted,772000,0.15,02-11-2025,,,
LD2266,Anchor Retail,Education,Mid-Market (51-500),Sana,Procurement Manager,sana@anchor.com,Inbound - Website,31-03-2025,Divya Nair,4,3,2,5,New Lead,649000,0.05,17-05-2025,,,
LD2267,Northstar Mart,FMCG,Enterprise (500+),Zara,Marketing Director,zara@northstar.com,Partner Channel,17-01-2025,Karan Bhatia,2,3,5,2,Closed Lost,1927000,0.0,23-02-2025,27-02-2025,41,Chose competitor
LD2268,Northstar Group,E-commerce,Mid-Market (51-500),Kavya,Growth Lead,kavya@northstar.com,Inbound - Website,04-05-2025,Rohit Malhotra,5,2,5,2,Contacted,705000,0.15,16-06-2025,,,
LD2269,Orbit Ventures,FMCG,Enterprise (500+),Nikhil,Founder/CEO,nikhil@orbit.com,Cold Outbound,12-11-2025,Divya Nair,3,1,1,4,Closed Lost,1880000,0.0,14-01-2026,09-12-2025,27,Bad timing
LD2270,Driftwood Retail,Manufacturing,Small (1-50),Pooja,Procurement Manager,pooja@driftwood.com,LinkedIn Outreach,17-09-2025,Karan Bhatia,4,1,2,3,Qualified,148000,0.35,09-11-2025,,,
LD2271,Palm Retail,Healthcare,Small (1-50),Dev,Procurement Manager,dev@palm.com,LinkedIn Outreach,08-01-2026,Ananya Kapoor,2,2,3,2,Qualified,135000,0.35,16-03-2026,,,
LD2272,Nova & Co,E-commerce,Enterprise (500+),Zara,Head of Operations,zara@nova.com,Referral,21-05-2025,Rohit Malhotra,5,4,5,3,Closed Lost,2507000,0.0,14-07-2025,30-06-2025,40,Budget too high
LD2273,Summit Enterprises,E-commerce,Enterprise (500+),Aditya,Marketing Director,aditya@summit.com,Cold Outbound,25-01-2026,Sneha Iyer,1,1,1,3,Contacted,2427000,0.15,17-02-2026,,,
LD2274,Anchor & Co,Retail,Mid-Market (51-500),Kavya,Founder/CEO,kavya@anchor.com,Inbound - Website,05-03-2025,Sneha Iyer,3,2,3,2,New Lead,738000,0.05,01-05-2025,,,
LD2275,Orbit Solutions,Retail,Enterprise (500+),Kavya,Growth Lead,kavya@orbit.com,Inbound - Website,06-10-2025,Sneha Iyer,3,1,5,3,New Lead,2227000,0.05,20-11-2025,,,
LD2276,Palm Ventures,E-commerce,Enterprise (500+),Zara,Founder/CEO,zara@palm.com,Cold Outbound,24-11-2025,Rohit Malhotra,2,1,1,3,New Lead,2713000,0.05,22-01-2026,,,
LD2277,Granite Traders,FMCG,Small (1-50),Arjun,Growth Lead,arjun@granite.com,Referral,19-11-2025,Divya Nair,4,5,3,4,New Lead,237000,0.05,04-01-2026,,,
LD2278,Meridian Traders,Education,Small (1-50),Meera,Growth Lead,meera@meridian.com,LinkedIn Outreach,07-01-2026,Ananya Kapoor,3,1,3,3,Closed Lost,225000,0.0,12-02-2026,28-01-2026,21,Feature gap
LD2279,Foxglove Enterprises,Retail,Small (1-50),Nikhil,Growth Lead,nikhil@foxglove.com,Partner Channel,24-04-2025,Ananya Kapoor,5,5,3,3,Contacted,218000,0.15,03-07-2025,,,
LD2280,Redshift Retail,Retail,Small (1-50),Tanya,Growth Lead,tanya@redshift.com,Trade Show/Event,27-05-2026,Rohit Malhotra,2,2,4,1,Proposal Sent,136000,0.55,20-06-2026,,,
LD2281,Cobalt & Co,Education,Mid-Market (51-500),Sana,Founder/CEO,sana@cobalt.com,Inbound - Website,18-02-2026,Rohit Malhotra,4,4,2,2,Qualified,561000,0.35,01-05-2026,,,
LD2282,Bluepeak Enterprises,Retail,Small (1-50),Aarav,Head of Operations,aarav@bluepeak.com,Cold Outbound,29-01-2026,Divya Nair,2,1,2,1,Closed Lost,156000,0.0,10-04-2026,14-02-2026,16,Bad timing
LD2283,Vertex Ventures,Retail,Small (1-50),Yash,Head of Operations,yash@vertex.com,Trade Show/Event,05-05-2025,Rohit Malhotra,3,1,1,4,Qualified,217000,0.35,27-05-2025,,,
LD2284,Nova Group,E-commerce,Mid-Market (51-500),Riya,VP Sales,riya@nova.com,Inbound - Website,11-05-2026,Sneha Iyer,2,2,3,4,Closed Lost,539000,0.0,15-07-2026,05-06-2026,25,No decision / went dark
LD2285,Crestline Solutions,Hospitality,Small (1-50),Vivaan,Procurement Manager,vivaan@crestline.com,Inbound - Website,01-06-2026,Sneha Iyer,2,3,3,2,Closed Lost,148000,0.0,25-07-2026,11-07-2026,40,Not enough authority to buy
LD2286,Ironclad Industries,Healthcare,Enterprise (500+),Sana,Marketing Director,sana@ironclad.com,Cold Outbound,17-05-2025,Divya Nair,1,1,1,1,Contacted,2272000,0.15,13-06-2025,,,
LD2287,Ridge Solutions,E-commerce,Mid-Market (51-500),Kabir,IT Manager,kabir@ridge.com,LinkedIn Outreach,20-03-2025,Rohit Malhotra,2,2,1,1,New Lead,806000,0.05,26-05-2025,,,
LD2288,Anchor Traders,Logistics,Mid-Market (51-500),Ishita,Founder/CEO,ishita@anchor.com,Partner Channel,24-01-2025,Ananya Kapoor,4,5,4,5,Closed Won,558000,1.0,07-03-2025,10-03-2025,45,
LD2289,Zenith Traders,Logistics,Small (1-50),Arjun,Growth Lead,arjun@zenith.com,Cold Outbound,30-12-2025,Ananya Kapoor,1,4,1,2,Proposal Sent,214000,0.55,18-02-2026,,,
LD2290,Orbit Group,Healthcare,Mid-Market (51-500),Nikhil,VP Sales,nikhil@orbit.com,Inbound - Website,03-08-2025,Rohit Malhotra,2,3,3,3,Closed Lost,593000,0.0,23-08-2025,24-08-2025,21,Chose competitor
LD2291,Granite Group,Retail,Enterprise (500+),Aarav,Marketing Director,aarav@granite.com,Trade Show/Event,10-01-2025,Ananya Kapoor,3,3,1,4,Closed Lost,2626000,0.0,02-03-2025,28-01-2025,18,Not enough authority to buy
LD2292,Palm Mart,Retail,Small (1-50),Yash,Head of Operations,yash@palm.com,Partner Channel,29-07-2025,Divya Nair,5,1,2,5,New Lead,212000,0.05,30-08-2025,,,
LD2293,Willow Industries,Manufacturing,Small (1-50),Meera,Procurement Manager,meera@willow.com,Trade Show/Event,25-02-2025,Rohit Malhotra,5,3,4,2,Contacted,152000,0.15,16-04-2025,,,
LD2294,Meridian Retail,Hospitality,Small (1-50),Tanya,Head of Operations,tanya@meridian.com,Referral,26-01-2026,Rohit Malhotra,5,2,3,4,Contacted,234000,0.15,08-04-2026,,,
LD2295,Granite Retail,Retail,Small (1-50),Zara,IT Manager,zara@granite.com,Trade Show/Event,24-07-2025,Rohit Malhotra,3,3,3,5,New Lead,227000,0.05,27-08-2025,,,
LD2296,Orbit Industries,Logistics,Small (1-50),Aditya,Founder/CEO,aditya@orbit.com,Inbound - Website,12-02-2025,Ananya Kapoor,2,1,1,2,New Lead,245000,0.05,18-04-2025,,,
LD2297,Driftwood Ventures,Healthcare,Mid-Market (51-500),Sana,Procurement Manager,sana@driftwood.com,Referral,28-11-2025,Ananya Kapoor,5,5,2,3,Closed Lost,585000,0.0,21-12-2025,20-01-2026,53,Budget too high
LD2298,Palm Group,Retail,Mid-Market (51-500),Meera,Marketing Director,meera@palm.com,LinkedIn Outreach,11-02-2026,Rohit Malhotra,5,2,2,3,New Lead,607000,0.05,23-04-2026,,,
LD2299,Bluepeak Enterprises,Retail,Mid-Market (51-500),Arjun,IT Manager,arjun@bluepeak.com,Partner Channel,16-03-2026,Divya Nair,1,2,4,4,Qualified,711000,0.35,11-04-2026,,,
LD2300,Bluepeak Traders,Manufacturing,Small (1-50),Ishita,Head of Operations,ishita@bluepeak.com,LinkedIn Outreach,13-11-2025,Sneha Iyer,2,3,3,2,New Lead,171000,0.05,03-12-2025,,,
LD2301,Granite Traders,E-commerce,Mid-Market (51-500),Aarav,VP Sales,aarav@granite.com,Cold Outbound,08-08-2025,Divya Nair,2,2,1,1,Contacted,889000,0.15,13-10-2025,,,
LD2302,Northstar Mart,Healthcare,Small (1-50),Dev,IT Manager,dev@northstar.com,LinkedIn Outreach,01-02-2025,Ananya Kapoor,4,3,3,4,Closed Lost,201000,0.0,21-03-2025,07-03-2025,34,Budget too high
LD2303,Crestline Retail,E-commerce,Mid-Market (51-500),Tanya,COO,tanya@crestline.com,Referral,13-09-2025,Divya Nair,5,5,4,4,New Lead,685000,0.05,24-11-2025,,,
LD2304,Lumen Ventures,Education,Small (1-50),Vivaan,Marketing Director,vivaan@lumen.com,Cold Outbound,23-03-2025,Sneha Iyer,2,2,2,1,Closed Won,219000,1.0,27-04-2025,13-05-2025,51,
LD2305,Willow Mart,Retail,Enterprise (500+),Riya,IT Manager,riya@willow.com,Inbound - Website,12-08-2025,Sneha Iyer,4,3,1,3,Contacted,2386000,0.15,12-09-2025,,,
LD2306,Foxglove Industries,Retail,Small (1-50),Vivaan,Head of Operations,vivaan@foxglove.com,Inbound - Website,05-02-2026,Rohit Malhotra,3,1,3,4,Contacted,163000,0.15,07-04-2026,,,
LD2307,Ember Solutions,Retail,Small (1-50),Yash,Founder/CEO,yash@ember.com,Inbound - Website,05-02-2026,Ananya Kapoor,3,1,4,2,Qualified,213000,0.35,29-03-2026,,,
LD2308,Crestline Enterprises,Logistics,Small (1-50),Kabir,VP Sales,kabir@crestline.com,Inbound - Website,13-04-2025,Rohit Malhotra,3,3,2,3,Contacted,163000,0.15,01-06-2025,,,
LD2309,Ridge Traders,Education,Small (1-50),Vivaan,Founder/CEO,vivaan@ridge.com,Trade Show/Event,02-02-2026,Sneha Iyer,3,4,3,2,Contacted,225000,0.15,17-04-2026,,,
LD2310,Ironclad Solutions,Retail,Small (1-50),Vivaan,Marketing Director,vivaan@ironclad.com,LinkedIn Outreach,16-11-2025,Ananya Kapoor,3,3,2,3,New Lead,213000,0.05,09-12-2025,,,
LD2311,Havenly Ventures,Education,Small (1-50),Riya,Founder/CEO,riya@havenly.com,Referral,05-03-2025,Rohit Malhotra,4,3,2,4,New Lead,165000,0.05,16-04-2025,,,
LD2312,Meridian Industries,E-commerce,Small (1-50),Sana,Growth Lead,sana@meridian.com,LinkedIn Outreach,14-01-2026,Divya Nair,1,3,1,1,New Lead,224000,0.05,30-03-2026,,,
LD2313,Cobalt Mart,Retail,Small (1-50),Arjun,VP Sales,arjun@cobalt.com,Inbound - Website,31-01-2025,Karan Bhatia,4,2,3,2,New Lead,194000,0.05,07-03-2025,,,
LD2314,Lumen Mart,E-commerce,Small (1-50),Ishita,Head of Operations,ishita@lumen.com,Referral,21-02-2025,Sneha Iyer,2,3,3,4,Closed Won,173000,1.0,27-03-2025,22-03-2025,29,
LD2315,Ironclad Traders,FMCG,Small (1-50),Ishita,Growth Lead,ishita@ironclad.com,Referral,15-07-2025,Sneha Iyer,3,4,2,4,Qualified,143000,0.35,28-09-2025,,,
LD2316,Orbit Group,Education,Small (1-50),Arjun,COO,arjun@orbit.com,Inbound - Website,27-02-2025,Rohit Malhotra,3,2,4,4,Closed Lost,192000,0.0,08-04-2025,23-03-2025,24,No decision / went dark
LD2317,Quartz Retail,FMCG,Enterprise (500+),Tanya,Procurement Manager,tanya@quartz.com,Referral,11-03-2025,Rohit Malhotra,4,3,3,4,Contacted,2996000,0.15,11-05-2025,,,
LD2318,Havenly Industries,Education,Small (1-50),Tanya,VP Sales,tanya@havenly.com,LinkedIn Outreach,23-05-2025,Sneha Iyer,4,1,1,1,New Lead,136000,0.05,05-08-2025,,,
LD2319,Foxglove Enterprises,Retail,Small (1-50),Kabir,Head of Operations,kabir@foxglove.com,Partner Channel,15-04-2026,Ananya Kapoor,3,4,3,2,Contacted,157000,0.15,24-05-2026,,,
LD2320,Willow Group,E-commerce,Small (1-50),Kabir,Procurement Manager,kabir@willow.com,Referral,16-02-2026,Karan Bhatia,3,3,5,3,Qualified,139000,0.35,21-03-2026,,,
LD2321,Northstar Group,E-commerce,Mid-Market (51-500),Aarav,Founder/CEO,aarav@northstar.com,Inbound - Website,26-07-2025,Sneha Iyer,4,3,2,3,Qualified,823000,0.35,03-10-2025,,,
LD2322,Lumen Industries,FMCG,Mid-Market (51-500),Aditya,Founder/CEO,aditya@lumen.com,Cold Outbound,22-09-2025,Karan Bhatia,2,2,1,1,Contacted,511000,0.15,29-10-2025,,,
LD2323,Tidal Group,Retail,Small (1-50),Aditya,IT Manager,aditya@tidal.com,Trade Show/Event,25-11-2025,Rohit Malhotra,2,3,2,3,Contacted,188000,0.15,31-12-2025,,,
LD2324,Anchor Industries,Education,Small (1-50),Aditya,Growth Lead,aditya@anchor.com,Referral,22-02-2026,Ananya Kapoor,3,4,4,1,New Lead,179000,0.05,18-03-2026,,,
LD2325,Redshift Ventures,Education,Mid-Market (51-500),Kabir,Growth Lead,kabir@redshift.com,Cold Outbound,17-03-2025,Divya Nair,1,2,1,4,Qualified,554000,0.35,29-04-2025,,,
LD2326,Nova Mart,E-commerce,Small (1-50),Pooja,COO,pooja@nova.com,Cold Outbound,19-03-2025,Sneha Iyer,3,3,3,2,Closed Lost,214000,0.0,28-04-2025,22-04-2025,34,Budget too high
LD2327,Zenith Group,Hospitality,Small (1-50),Kavya,COO,kavya@zenith.com,Cold Outbound,04-07-2025,Karan Bhatia,1,3,1,2,Contacted,168000,0.15,18-08-2025,,,
LD2328,Tidal Mart,Retail,Mid-Market (51-500),Dev,COO,dev@tidal.com,LinkedIn Outreach,25-01-2026,Rohit Malhotra,2,2,2,2,Proposal Sent,838000,0.55,16-03-2026,,,
LD2329,Driftwood Industries,Retail,Small (1-50),Nikhil,COO,nikhil@driftwood.com,LinkedIn Outreach,20-12-2025,Karan Bhatia,2,3,1,1,New Lead,206000,0.05,21-02-2026,,,
LD2330,Havenly Solutions,Education,Mid-Market (51-500),Arjun,Founder/CEO,arjun@havenly.com,Partner Channel,30-04-2025,Rohit Malhotra,3,3,4,4,Contacted,705000,0.15,01-06-2025,,,
LD2331,Foxglove Ventures,Healthcare,Mid-Market (51-500),Arjun,VP Sales,arjun@foxglove.com,Cold Outbound,08-03-2025,Divya Nair,1,1,3,2,Contacted,889000,0.15,23-04-2025,,,
LD2332,Ridge Industries,Retail,Mid-Market (51-500),Pooja,COO,pooja@ridge.com,LinkedIn Outreach,13-03-2025,Rohit Malhotra,3,2,1,1,Closed Lost,665000,0.0,07-04-2025,25-03-2025,12,Chose competitor
LD2333,Vertex Traders,E-commerce,Small (1-50),Arjun,Founder/CEO,arjun@vertex.com,Cold Outbound,17-03-2025,Karan Bhatia,2,1,2,2,New Lead,246000,0.05,27-04-2025,,,
LD2334,Granite Industries,Logistics,Mid-Market (51-500),Zara,Growth Lead,zara@granite.com,Referral,29-09-2025,Sneha Iyer,5,4,4,5,Proposal Sent,496000,0.55,22-10-2025,,,
LD2335,Meridian Traders,Education,Small (1-50),Pooja,Growth Lead,pooja@meridian.com,LinkedIn Outreach,30-10-2025,Karan Bhatia,5,3,3,3,Qualified,209000,0.35,08-01-2026,,,
LD2336,Ridge Mart,Retail,Enterprise (500+),Kabir,Founder/CEO,kabir@ridge.com,Referral,22-05-2025,Karan Bhatia,3,4,4,5,Closed Won,2313000,1.0,29-06-2025,07-07-2025,46,
LD2337,Anchor & Co,Healthcare,Enterprise (500+),Dev,IT Manager,dev@anchor.com,Partner Channel,29-07-2025,Rohit Malhotra,3,4,5,5,Qualified,2244000,0.35,01-10-2025,,,
LD2338,Crestline Traders,E-commerce,Small (1-50),Kavya,Procurement Manager,kavya@crestline.com,LinkedIn Outreach,26-02-2025,Sneha Iyer,2,1,2,1,Qualified,182000,0.35,30-03-2025,,,
LD2339,Granite Enterprises,Retail,Small (1-50),Yash,COO,yash@granite.com,LinkedIn Outreach,15-11-2025,Karan Bhatia,3,2,2,2,Closed Lost,152000,0.0,31-12-2025,03-12-2025,18,Feature gap
LD2340,Zenith & Co,Manufacturing,Mid-Market (51-500),Meera,VP Sales,meera@zenith.com,Referral,22-02-2025,Sneha Iyer,4,4,5,4,Closed Lost,631000,0.0,19-03-2025,25-03-2025,31,Chose competitor
LD2341,Lumen Enterprises,Retail,Mid-Market (51-500),Kavya,Head of Operations,kavya@lumen.com,Inbound - Website,02-02-2025,Ananya Kapoor,1,4,2,2,Closed Lost,803000,0.0,11-04-2025,17-02-2025,15,Chose competitor
LD2342,Granite Mart,Retail,Mid-Market (51-500),Nikhil,Marketing Director,nikhil@granite.com,Cold Outbound,06-09-2025,Karan Bhatia,3,2,1,1,Contacted,732000,0.15,14-10-2025,,,
LD2343,Willow Enterprises,FMCG,Enterprise (500+),Dev,Founder/CEO,dev@willow.com,LinkedIn Outreach,13-05-2025,Divya Nair,3,1,1,1,Qualified,2727000,0.35,11-06-2025,,,
LD2344,Havenly Retail,Retail,Mid-Market (51-500),Arjun,VP Sales,arjun@havenly.com,LinkedIn Outreach,16-12-2025,Ananya Kapoor,3,1,1,2,New Lead,753000,0.05,10-02-2026,,,
LD2345,Havenly Enterprises,Education,Small (1-50),Nikhil,Growth Lead,nikhil@havenly.com,Partner Channel,08-02-2025,Sneha Iyer,3,4,1,1,New Lead,219000,0.05,19-03-2025,,,
LD2346,Cobalt Retail,Healthcare,Small (1-50),Riya,Founder/CEO,riya@cobalt.com,Referral,18-10-2025,Karan Bhatia,4,3,3,5,Contacted,192000,0.15,22-11-2025,,,
LD2347,Vertex Enterprises,E-commerce,Mid-Market (51-500),Riya,COO,riya@vertex.com,Inbound - Website,11-11-2025,Sneha Iyer,3,1,4,3,Contacted,856000,0.15,12-01-2026,,,
LD2348,Summit Mart,Healthcare,Enterprise (500+),Dev,Procurement Manager,dev@summit.com,Trade Show/Event,23-05-2025,Divya Nair,4,2,3,5,Contacted,1934000,0.15,04-08-2025,,,
LD2349,Meridian Enterprises,Retail,Enterprise (500+),Vivaan,Head of Operations,vivaan@meridian.com,LinkedIn Outreach,18-04-2026,Sneha Iyer,4,3,2,3,Qualified,2797000,0.35,09-05-2026,,,
LD2350,Cobalt Mart,FMCG,Small (1-50),Dev,COO,dev@cobalt.com,LinkedIn Outreach,25-05-2026,Karan Bhatia,2,1,2,1,Contacted,211000,0.15,03-07-2026,,,
LD2351,Vertex Mart,Healthcare,Small (1-50),Zara,VP Sales,zara@vertex.com,LinkedIn Outreach,16-11-2025,Divya Nair,4,1,1,2,Closed Lost,140000,0.0,11-01-2026,17-12-2025,31,No decision / went dark
LD2352,Orbit Group,FMCG,Small (1-50),Ishita,Marketing Director,ishita@orbit.com,Cold Outbound,15-05-2025,Divya Nair,1,1,1,2,New Lead,230000,0.05,26-06-2025,,,
LD2353,Crestline Solutions,E-commerce,Enterprise (500+),Dev,Founder/CEO,dev@crestline.com,Trade Show/Event,11-01-2026,Karan Bhatia,4,4,2,3,Contacted,2897000,0.15,12-02-2026,,,
LD2354,Northstar Industries,Manufacturing,Mid-Market (51-500),Aarav,Head of Operations,aarav@northstar.com,Cold Outbound,19-05-2026,Rohit Malhotra,2,1,2,1,Contacted,533000,0.15,13-07-2026,,,
LD2355,Ember Group,FMCG,Small (1-50),Yash,Founder/CEO,yash@ember.com,Referral,06-01-2026,Divya Nair,5,1,2,4,New Lead,238000,0.05,12-03-2026,,,
LD2356,Lumen Group,Education,Mid-Market (51-500),Yash,VP Sales,yash@lumen.com,Inbound - Website,07-08-2025,Karan Bhatia,2,3,2,3,Contacted,770000,0.15,10-09-2025,,,
LD2357,Summit Solutions,Healthcare,Mid-Market (51-500),Tanya,Founder/CEO,tanya@summit.com,LinkedIn Outreach,05-04-2025,Rohit Malhotra,2,2,2,1,New Lead,659000,0.05,10-05-2025,,,
LD2358,Foxglove Mart,Retail,Enterprise (500+),Kabir,IT Manager,kabir@foxglove.com,Cold Outbound,26-08-2025,Divya Nair,1,1,1,2,New Lead,2110000,0.05,22-09-2025,,,
LD2359,Bluepeak Ventures,Healthcare,Small (1-50),Zara,Founder/CEO,zara@bluepeak.com,Partner Channel,11-03-2026,Karan Bhatia,3,3,4,4,New Lead,241000,0.05,25-05-2026,,,
LD2360,Northstar & Co,Hospitality,Mid-Market (51-500),Kavya,Growth Lead,kavya@northstar.com,Cold Outbound,24-11-2025,Sneha Iyer,1,2,2,2,Contacted,690000,0.15,28-12-2025,,,
LD2361,Quartz Mart,FMCG,Mid-Market (51-500),Arjun,Procurement Manager,arjun@quartz.com,Inbound - Website,07-11-2025,Rohit Malhotra,3,3,1,4,Proposal Sent,833000,0.55,03-01-2026,,,
LD2362,Orbit Enterprises,FMCG,Mid-Market (51-500),Zara,COO,zara@orbit.com,Cold Outbound,22-07-2025,Rohit Malhotra,2,5,3,1,Contacted,518000,0.15,05-09-2025,,,
LD2363,Summit Retail,Manufacturing,Mid-Market (51-500),Ishita,Procurement Manager,ishita@summit.com,LinkedIn Outreach,27-12-2025,Karan Bhatia,1,2,3,2,New Lead,578000,0.05,21-02-2026,,,
LD2364,Foxglove Retail,Manufacturing,Mid-Market (51-500),Aditya,COO,aditya@foxglove.com,Cold Outbound,29-12-2025,Karan Bhatia,2,1,1,1,Contacted,862000,0.15,01-03-2026,,,
LD2365,Summit Ventures,Manufacturing,Mid-Market (51-500),Nikhil,Founder/CEO,nikhil@summit.com,LinkedIn Outreach,13-02-2026,Sneha Iyer,4,1,2,1,New Lead,525000,0.05,15-03-2026,,,
LD2366,Orbit Enterprises,Education,Enterprise (500+),Arjun,Growth Lead,arjun@orbit.com,Referral,20-10-2025,Ananya Kapoor,3,4,5,3,Closed Lost,1923000,0.0,09-12-2025,25-11-2025,36,No decision / went dark
LD2367,Anchor Group,Retail,Mid-Market (51-500),Tanya,VP Sales,tanya@anchor.com,Referral,24-09-2025,Divya Nair,5,4,4,3,Closed Won,893000,1.0,23-10-2025,25-10-2025,31,
LD2368,Summit Traders,Logistics,Mid-Market (51-500),Aditya,Growth Lead,aditya@summit.com,Inbound - Website,24-03-2026,Ananya Kapoor,4,2,2,2,New Lead,568000,0.05,18-05-2026,,,
LD2369,Vertex Traders,Logistics,Mid-Market (51-500),Ishita,Founder/CEO,ishita@vertex.com,Referral,17-07-2025,Karan Bhatia,4,4,4,3,Contacted,684000,0.15,25-08-2025,,,
LD2370,Havenly Traders,Logistics,Small (1-50),Zara,COO,zara@havenly.com,Referral,08-05-2025,Rohit Malhotra,4,2,4,2,Qualified,251000,0.35,09-06-2025,,,
LD2371,Northstar Industries,FMCG,Small (1-50),Riya,Founder/CEO,riya@northstar.com,Cold Outbound,05-02-2026,Ananya Kapoor,1,2,1,4,New Lead,163000,0.05,11-04-2026,,,
LD2372,Palm Ventures,FMCG,Mid-Market (51-500),Aarav,Procurement Manager,aarav@palm.com,Cold Outbound,26-12-2025,Divya Nair,1,2,1,2,New Lead,529000,0.05,17-01-2026,,,
LD2373,Summit Ventures,E-commerce,Mid-Market (51-500),Aditya,Procurement Manager,aditya@summit.com,Trade Show/Event,26-03-2026,Karan Bhatia,3,3,4,3,Contacted,795000,0.15,04-06-2026,,,
LD2374,Ember Ventures,Manufacturing,Small (1-50),Aarav,COO,aarav@ember.com,LinkedIn Outreach,29-06-2025,Divya Nair,4,1,4,3,New Lead,203000,0.05,07-09-2025,,,
LD2375,Northstar Enterprises,E-commerce,Small (1-50),Nikhil,Marketing Director,nikhil@northstar.com,LinkedIn Outreach,01-03-2026,Karan Bhatia,1,2,2,2,Contacted,138000,0.15,29-04-2026,,,
LD2376,Ember Enterprises,Manufacturing,Small (1-50),Dev,IT Manager,dev@ember.com,Partner Channel,03-10-2025,Divya Nair,2,4,4,3,New Lead,208000,0.05,29-11-2025,,,
LD2377,Quartz Retail,FMCG,Enterprise (500+),Aditya,Growth Lead,aditya@quartz.com,Inbound - Website,11-12-2025,Sneha Iyer,5,2,2,3,New Lead,3051000,0.05,05-01-2026,,,
LD2378,Bluepeak Industries,Manufacturing,Enterprise (500+),Meera,Growth Lead,meera@bluepeak.com,Cold Outbound,26-03-2025,Karan Bhatia,2,2,2,1,New Lead,1776000,0.05,15-04-2025,,,
LD2379,Vertex Mart,E-commerce,Mid-Market (51-500),Sana,Marketing Director,sana@vertex.com,Trade Show/Event,11-10-2025,Sneha Iyer,1,2,3,4,Contacted,767000,0.15,06-11-2025,,,
LD2380,Lumen Solutions,E-commerce,Small (1-50),Yash,COO,yash@lumen.com,LinkedIn Outreach,08-03-2025,Divya Nair,2,1,1,1,New Lead,156000,0.05,30-04-2025,,,
LD2381,Vertex Ventures,Hospitality,Mid-Market (51-500),Aditya,COO,aditya@vertex.com,LinkedIn Outreach,15-02-2026,Ananya Kapoor,3,3,1,3,Contacted,755000,0.15,25-03-2026,,,
LD2382,Bluepeak Solutions,FMCG,Small (1-50),Dev,Founder/CEO,dev@bluepeak.com,Trade Show/Event,21-01-2026,Karan Bhatia,4,4,2,2,Closed Lost,140000,0.0,27-03-2026,09-02-2026,19,No decision / went dark
LD2383,Bluepeak & Co,Manufacturing,Mid-Market (51-500),Yash,Marketing Director,yash@bluepeak.com,LinkedIn Outreach,20-05-2025,Divya Nair,2,1,3,2,Closed Won,836000,1.0,28-07-2025,16-06-2025,27,
LD2384,Cobalt Mart,E-commerce,Mid-Market (51-500),Pooja,Marketing Director,pooja@cobalt.com,Cold Outbound,11-04-2025,Ananya Kapoor,1,1,1,1,New Lead,883000,0.05,15-05-2025,,,
LD2385,Quartz Mart,FMCG,Mid-Market (51-500),Pooja,IT Manager,pooja@quartz.com,Inbound - Website,23-09-2025,Karan Bhatia,4,2,5,2,New Lead,839000,0.05,21-10-2025,,,
LD2386,Ironclad Ventures,Hospitality,Mid-Market (51-500),Riya,COO,riya@ironclad.com,Referral,12-01-2026,Sneha Iyer,3,3,3,4,Closed Lost,533000,0.0,22-02-2026,27-01-2026,15,No decision / went dark
LD2387,Ember Enterprises,Hospitality,Mid-Market (51-500),Pooja,Marketing Director,pooja@ember.com,Inbound - Website,30-01-2025,Karan Bhatia,1,1,2,2,Contacted,859000,0.15,03-04-2025,,,
LD2388,Bluepeak & Co,E-commerce,Mid-Market (51-500),Aarav,Marketing Director,aarav@bluepeak.com,Cold Outbound,29-06-2025,Rohit Malhotra,1,1,2,2,New Lead,784000,0.05,25-08-2025,,,
LD2389,Driftwood Retail,Retail,Mid-Market (51-500),Arjun,VP Sales,arjun@driftwood.com,Inbound - Website,14-03-2025,Rohit Malhotra,4,3,2,4,Contacted,655000,0.15,15-04-2025,,,
LD2390,Summit Industries,Healthcare,Small (1-50),Aarav,Marketing Director,aarav@summit.com,Referral,13-03-2026,Ananya Kapoor,5,5,4,5,Contacted,203000,0.15,09-05-2026,,,
LD2391,Ironclad & Co,Retail,Small (1-50),Aarav,Head of Operations,aarav@ironclad.com,Partner Channel,03-07-2025,Ananya Kapoor,3,2,3,3,Contacted,168000,0.15,04-09-2025,,,
LD2392,Lumen Ventures,E-commerce,Mid-Market (51-500),Nikhil,Founder/CEO,nikhil@lumen.com,Referral,11-03-2026,Rohit Malhotra,5,5,2,4,Contacted,672000,0.15,03-04-2026,,,
LD2393,Orbit Ventures,E-commerce,Mid-Market (51-500),Pooja,Growth Lead,pooja@orbit.com,LinkedIn Outreach,16-01-2026,Sneha Iyer,2,2,4,3,Closed Lost,626000,0.0,13-03-2026,16-02-2026,31,Chose competitor
LD2394,Crestline Mart,Retail,Small (1-50),Ishita,Marketing Director,ishita@crestline.com,Cold Outbound,20-04-2026,Karan Bhatia,3,1,3,3,Proposal Sent,144000,0.55,06-06-2026,,,
LD2395,Bluepeak Solutions,Healthcare,Mid-Market (51-500),Vivaan,COO,vivaan@bluepeak.com,Cold Outbound,20-02-2025,Divya Nair,2,1,1,2,New Lead,489000,0.05,24-03-2025,,,
LD2396,Vertex Mart,Logistics,Small (1-50),Meera,Founder/CEO,meera@vertex.com,Inbound - Website,01-04-2025,Ananya Kapoor,4,2,5,2,Closed Lost,153000,0.0,28-05-2025,08-05-2025,37,Feature gap
LD2397,Nova Group,Retail,Small (1-50),Nikhil,Head of Operations,nikhil@nova.com,Inbound - Website,01-03-2025,Divya Nair,2,3,3,4,Closed Won,136000,1.0,19-04-2025,05-04-2025,35,
LD2398,Meridian Retail,E-commerce,Mid-Market (51-500),Nikhil,Growth Lead,nikhil@meridian.com,Cold Outbound,23-07-2025,Sneha Iyer,1,3,1,1,Contacted,573000,0.15,02-09-2025,,,
LD2399,Orbit & Co,Retail,Small (1-50),Pooja,IT Manager,pooja@orbit.com,Referral,18-03-2026,Rohit Malhotra,2,3,2,4,New Lead,186000,0.05,17-05-2026,,,
LD2400,Zenith Industries,FMCG,Enterprise (500+),Vivaan,Procurement Manager,vivaan@zenith.com,Referral,18-07-2025,Karan Bhatia,4,3,5,4,Contacted,2673000,0.15,06-09-2025,,,
LD2401,Vertex Traders,Logistics,Mid-Market (51-500),Meera,COO,meera@vertex.com,Referral,24-03-2026,Divya Nair,4,3,5,5,New Lead,510000,0.05,29-05-2026,,,
LD2402,Lumen Group,Logistics,Mid-Market (51-500),Aditya,IT Manager,aditya@lumen.com,Referral,03-09-2025,Sneha Iyer,4,3,3,4,Closed Won,599000,1.0,08-11-2025,18-10-2025,45,
LD2403,Tidal Mart,Manufacturing,Small (1-50),Kabir,IT Manager,kabir@tidal.com,Referral,30-04-2025,Ananya Kapoor,5,3,5,3,Closed Lost,233000,0.0,14-07-2025,21-05-2025,21,Bad timing
LD2404,Redshift Industries,E-commerce,Small (1-50),Aarav,Growth Lead,aarav@redshift.com,Cold Outbound,29-07-2025,Divya Nair,2,1,1,1,Contacted,147000,0.15,29-09-2025,,,
LD2405,Quartz Group,FMCG,Small (1-50),Nikhil,IT Manager,nikhil@quartz.com,LinkedIn Outreach,17-03-2026,Sneha Iyer,1,1,3,3,Contacted,174000,0.15,09-05-2026,,,
LD2406,Havenly Solutions,Education,Mid-Market (51-500),Yash,COO,yash@havenly.com,Cold Outbound,28-10-2025,Karan Bhatia,2,1,1,1,Contacted,738000,0.15,11-01-2026,,,
LD2407,Cobalt Solutions,Retail,Mid-Market (51-500),Kavya,VP Sales,kavya@cobalt.com,LinkedIn Outreach,30-03-2025,Rohit Malhotra,1,3,1,2,New Lead,807000,0.05,16-05-2025,,,
LD2408,Driftwood Solutions,E-commerce,Small (1-50),Tanya,COO,tanya@driftwood.com,Cold Outbound,07-10-2025,Karan Bhatia,2,2,1,1,New Lead,240000,0.05,29-11-2025,,,
LD2409,Palm Solutions,Logistics,Mid-Market (51-500),Zara,Founder/CEO,zara@palm.com,Cold Outbound,12-12-2025,Rohit Malhotra,1,1,1,1,Proposal Sent,781000,0.55,25-02-2026,,,
LD2410,Orbit Traders,Logistics,Mid-Market (51-500),Arjun,Procurement Manager,arjun@orbit.com,Inbound - Website,18-11-2025,Sneha Iyer,3,4,3,3,Closed Won,581000,1.0,09-01-2026,22-12-2025,34,
LD2411,Havenly Traders,Hospitality,Enterprise (500+),Dev,COO,dev@havenly.com,Partner Channel,12-02-2026,Karan Bhatia,3,5,4,5,Contacted,2333000,0.15,20-04-2026,,,
LD2412,Orbit Group,Retail,Mid-Market (51-500),Tanya,Marketing Director,tanya@orbit.com,LinkedIn Outreach,10-05-2025,Ananya Kapoor,1,3,3,2,Contacted,743000,0.15,17-06-2025,,,
LD2413,Bluepeak Ventures,E-commerce,Mid-Market (51-500),Yash,Head of Operations,yash@bluepeak.com,Cold Outbound,28-04-2026,Ananya Kapoor,3,1,2,3,Contacted,701000,0.15,25-06-2026,,,
LD2414,Summit Solutions,E-commerce,Small (1-50),Arjun,Procurement Manager,arjun@summit.com,Inbound - Website,01-09-2025,Sneha Iyer,2,4,4,3,Closed Won,242000,1.0,24-10-2025,04-10-2025,33,
LD2415,Northstar Traders,Manufacturing,Small (1-50),Arjun,Procurement Manager,arjun@northstar.com,Cold Outbound,06-05-2026,Karan Bhatia,1,1,1,1,Qualified,190000,0.35,19-06-2026,,,
LD2416,Northstar Traders,Logistics,Enterprise (500+),Pooja,Head of Operations,pooja@northstar.com,Inbound - Website,04-04-2025,Ananya Kapoor,4,2,4,3,Closed Won,2272000,1.0,08-06-2025,17-05-2025,43,
LD2417,Tidal Solutions,Retail,Mid-Market (51-500),Sana,Head of Operations,sana@tidal.com,Inbound - Website,16-01-2026,Karan Bhatia,4,1,3,2,Contacted,716000,0.15,12-03-2026,,,
LD2418,Summit Mart,Hospitality,Small (1-50),Kavya,Growth Lead,kavya@summit.com,Trade Show/Event,14-01-2026,Sneha Iyer,3,2,5,1,Closed Won,214000,1.0,17-03-2026,10-02-2026,27,
LD2419,Nova & Co,FMCG,Mid-Market (51-500),Tanya,COO,tanya@nova.com,Inbound - Website,22-09-2025,Sneha Iyer,3,3,3,4,New Lead,791000,0.05,15-10-2025,,,
LD2420,Northstar Solutions,FMCG,Mid-Market (51-500),Aditya,Founder/CEO,aditya@northstar.com,LinkedIn Outreach,16-02-2026,Rohit Malhotra,3,1,4,1,Contacted,741000,0.15,21-04-2026,,,
LD2421,Meridian Mart,Logistics,Mid-Market (51-500),Dev,Founder/CEO,dev@meridian.com,Inbound - Website,18-11-2025,Divya Nair,3,1,1,3,Proposal Sent,654000,0.55,30-01-2026,,,
LD2422,Redshift Retail,Retail,Mid-Market (51-500),Aarav,Marketing Director,aarav@redshift.com,Cold Outbound,08-01-2026,Ananya Kapoor,1,1,3,1,Closed Lost,724000,0.0,21-03-2026,02-02-2026,25,Chose competitor
LD2423,Crestline Enterprises,FMCG,Mid-Market (51-500),Aarav,Founder/CEO,aarav@crestline.com,Referral,27-03-2026,Rohit Malhotra,4,4,2,4,New Lead,588000,0.05,28-04-2026,,,
LD2424,Foxglove Traders,Retail,Enterprise (500+),Kabir,Procurement Manager,kabir@foxglove.com,Cold Outbound,11-12-2025,Ananya Kapoor,2,1,1,1,Contacted,2173000,0.15,19-01-2026,,,
LD2425,Summit Mart,Retail,Small (1-50),Aditya,Growth Lead,aditya@summit.com,Cold Outbound,15-10-2025,Sneha Iyer,1,2,2,2,Contacted,252000,0.15,16-12-2025,,,
LD2426,Redshift Mart,Education,Mid-Market (51-500),Aarav,COO,aarav@redshift.com,Cold Outbound,21-04-2026,Rohit Malhotra,2,2,1,1,Closed Lost,510000,0.0,02-06-2026,27-05-2026,36,Chose competitor
LD2427,Orbit Solutions,Logistics,Small (1-50),Arjun,COO,arjun@orbit.com,Inbound - Website,15-02-2026,Karan Bhatia,3,1,5,3,Closed Lost,170000,0.0,27-04-2026,20-03-2026,33,Chose competitor
LD2428,Solstice Industries,FMCG,Small (1-50),Aditya,Founder/CEO,aditya@solstice.com,Cold Outbound,05-05-2025,Rohit Malhotra,1,3,2,1,Contacted,169000,0.15,13-06-2025,,,
LD2429,Driftwood & Co,Hospitality,Small (1-50),Kabir,Head of Operations,kabir@driftwood.com,LinkedIn Outreach,27-10-2025,Karan Bhatia,1,2,1,3,New Lead,142000,0.05,13-12-2025,,,
LD2430,Cobalt Ventures,Retail,Mid-Market (51-500),Pooja,Head of Operations,pooja@cobalt.com,Cold Outbound,09-06-2025,Rohit Malhotra,1,4,1,2,Closed Lost,816000,0.0,27-07-2025,21-07-2025,42,Chose competitor
LD2431,Meridian Industries,FMCG,Enterprise (500+),Kavya,COO,kavya@meridian.com,Partner Channel,18-01-2025,Divya Nair,5,2,3,4,Qualified,1702000,0.35,17-03-2025,,,
LD2432,Orbit Retail,Manufacturing,Small (1-50),Ishita,Marketing Director,ishita@orbit.com,Cold Outbound,17-04-2025,Sneha Iyer,1,4,1,1,Contacted,171000,0.15,27-06-2025,,,
LD2433,Granite Group,Education,Small (1-50),Aarav,Head of Operations,aarav@granite.com,Inbound - Website,12-09-2025,Sneha Iyer,3,4,5,4,Proposal Sent,215000,0.55,09-10-2025,,,
LD2434,Havenly Retail,FMCG,Mid-Market (51-500),Dev,Growth Lead,dev@havenly.com,LinkedIn Outreach,04-12-2025,Ananya Kapoor,3,3,3,1,New Lead,715000,0.05,06-01-2026,,,
LD2435,Lumen Ventures,Retail,Mid-Market (51-500),Pooja,IT Manager,pooja@lumen.com,LinkedIn Outreach,26-02-2026,Karan Bhatia,3,4,1,2,Contacted,851000,0.15,30-04-2026,,,
LD2436,Orbit Traders,Education,Enterprise (500+),Kavya,Growth Lead,kavya@orbit.com,Trade Show/Event,02-07-2025,Rohit Malhotra,4,4,3,3,Qualified,2253000,0.35,23-08-2025,,,
LD2437,Ember Group,Manufacturing,Mid-Market (51-500),Aditya,Growth Lead,aditya@ember.com,Referral,10-01-2025,Rohit Malhotra,2,4,5,4,Contacted,736000,0.15,26-02-2025,,,
LD2438,Northstar Traders,FMCG,Small (1-50),Vivaan,Head of Operations,vivaan@northstar.com,LinkedIn Outreach,03-01-2025,Sneha Iyer,3,1,3,2,Closed Won,164000,1.0,08-03-2025,09-02-2025,37,
LD2439,Orbit Ventures,E-commerce,Mid-Market (51-500),Yash,IT Manager,yash@orbit.com,Referral,03-11-2025,Rohit Malhotra,4,5,3,5,Contacted,898000,0.15,30-11-2025,,,
LD2440,Orbit Retail,E-commerce,Small (1-50),Yash,IT Manager,yash@orbit.com,Partner Channel,14-05-2026,Rohit Malhotra,3,4,3,5,Closed Lost,233000,0.0,20-06-2026,03-06-2026,20,Bad timing
LD2441,Orbit Ventures,Manufacturing,Small (1-50),Aarav,Growth Lead,aarav@orbit.com,Inbound - Website,27-07-2025,Sneha Iyer,3,4,4,4,Qualified,245000,0.35,31-08-2025,,,
LD2442,Ironclad Enterprises,Healthcare,Small (1-50),Aditya,Procurement Manager,aditya@ironclad.com,Referral,25-03-2025,Sneha Iyer,5,5,5,5,Closed Won,191000,1.0,04-06-2025,19-04-2025,25,
LD2443,Ridge Ventures,Retail,Small (1-50),Vivaan,Founder/CEO,vivaan@ridge.com,Referral,01-04-2025,Ananya Kapoor,4,4,3,2,New Lead,200000,0.05,26-05-2025,,,
LD2444,Ember Group,E-commerce,Small (1-50),Arjun,Procurement Manager,arjun@ember.com,Trade Show/Event,24-10-2025,Rohit Malhotra,3,2,3,5,Closed Lost,238000,0.0,19-12-2025,15-11-2025,22,No decision / went dark
LD2445,Redshift Ventures,E-commerce,Small (1-50),Sana,IT Manager,sana@redshift.com,Inbound - Website,24-10-2025,Divya Nair,3,3,2,5,Closed Lost,192000,0.0,03-12-2025,21-11-2025,28,Chose competitor
LD2446,Lumen Mart,FMCG,Enterprise (500+),Arjun,Marketing Director,arjun@lumen.com,Inbound - Website,18-01-2026,Divya Nair,2,2,1,3,New Lead,2922000,0.05,22-02-2026,,,
LD2447,Havenly Solutions,Education,Mid-Market (51-500),Kabir,Growth Lead,kabir@havenly.com,Partner Channel,19-05-2025,Divya Nair,4,3,2,4,Contacted,858000,0.15,19-06-2025,,,
LD2448,Ridge & Co,E-commerce,Mid-Market (51-500),Nikhil,Growth Lead,nikhil@ridge.com,Inbound - Website,19-04-2026,Ananya Kapoor,2,3,3,4,Contacted,729000,0.15,11-05-2026,,,
LD2449,Palm Retail,Logistics,Mid-Market (51-500),Vivaan,Marketing Director,vivaan@palm.com,Cold Outbound,20-07-2025,Sneha Iyer,3,2,2,2,Proposal Sent,813000,0.55,13-09-2025,,,
LD2450,Quartz Enterprises,Education,Enterprise (500+),Sana,COO,sana@quartz.com,LinkedIn Outreach,19-03-2025,Sneha Iyer,2,1,1,2,New Lead,2270000,0.05,07-05-2025,,,
LD2451,Ridge Mart,Retail,Mid-Market (51-500),Dev,Head of Operations,dev@ridge.com,Trade Show/Event,08-07-2025,Rohit Malhotra,2,4,2,1,New Lead,726000,0.05,30-08-2025,,,
LD2452,Anchor Traders,Hospitality,Mid-Market (51-500),Arjun,Marketing Director,arjun@anchor.com,Inbound - Website,08-06-2025,Sneha Iyer,4,3,2,2,New Lead,621000,0.05,16-07-2025,,,
LD2453,Meridian & Co,Retail,Enterprise (500+),Arjun,Marketing Director,arjun@meridian.com,Partner Channel,09-02-2026,Karan Bhatia,5,3,4,4,Contacted,2465000,0.15,07-03-2026,,,
LD2454,Tidal Mart,E-commerce,Mid-Market (51-500),Aditya,Growth Lead,aditya@tidal.com,Cold Outbound,25-01-2025,Divya Nair,2,2,3,1,Closed Lost,630000,0.0,31-03-2025,26-02-2025,32,Budget too high
LD2455,Cobalt Enterprises,E-commerce,Mid-Market (51-500),Zara,Marketing Director,zara@cobalt.com,Trade Show/Event,08-06-2025,Rohit Malhotra,3,4,2,1,Contacted,870000,0.15,09-08-2025,,,
LD2456,Driftwood Solutions,Healthcare,Small (1-50),Zara,Procurement Manager,zara@driftwood.com,Cold Outbound,24-10-2025,Sneha Iyer,1,1,1,1,Qualified,226000,0.35,29-11-2025,,,
LD2457,Foxglove Industries,E-commerce,Mid-Market (51-500),Kabir,Founder/CEO,kabir@foxglove.com,Cold Outbound,06-04-2026,Ananya Kapoor,3,2,1,1,Contacted,857000,0.15,11-05-2026,,,
LD2458,Vertex Industries,Healthcare,Small (1-50),Yash,Head of Operations,yash@vertex.com,Cold Outbound,03-08-2025,Karan Bhatia,1,1,1,1,Contacted,154000,0.15,03-09-2025,,,
LD2459,Ironclad Retail,FMCG,Small (1-50),Aarav,COO,aarav@ironclad.com,Cold Outbound,10-03-2025,Karan Bhatia,1,1,4,2,Closed Lost,195000,0.0,25-04-2025,05-04-2025,26,No decision / went dark
LD2460,Orbit Retail,Retail,Enterprise (500+),Zara,Procurement Manager,zara@orbit.com,Cold Outbound,08-02-2025,Sneha Iyer,2,1,1,2,New Lead,2343000,0.05,01-03-2025,,,
LD2461,Willow Traders,Manufacturing,Mid-Market (51-500),Pooja,Growth Lead,pooja@willow.com,Partner Channel,20-05-2026,Divya Nair,2,3,3,2,Contacted,698000,0.15,05-07-2026,,,
LD2462,Nova Traders,Retail,Small (1-50),Pooja,IT Manager,pooja@nova.com,Cold Outbound,17-04-2025,Karan Bhatia,1,1,3,1,New Lead,243000,0.05,14-06-2025,,,
LD2463,Havenly Mart,Manufacturing,Small (1-50),Nikhil,Head of Operations,nikhil@havenly.com,Cold Outbound,16-02-2025,Ananya Kapoor,1,2,2,3,New Lead,147000,0.05,23-03-2025,,,
LD2464,Palm Ventures,Retail,Mid-Market (51-500),Aditya,Procurement Manager,aditya@palm.com,Cold Outbound,31-10-2025,Sneha Iyer,2,1,3,3,Qualified,692000,0.35,17-12-2025,,,
LD2465,Nova Industries,Logistics,Mid-Market (51-500),Arjun,Marketing Director,arjun@nova.com,Cold Outbound,08-11-2025,Ananya Kapoor,3,3,1,2,Contacted,689000,0.15,13-12-2025,,,
LD2466,Tidal Industries,Logistics,Mid-Market (51-500),Meera,Marketing Director,meera@tidal.com,Trade Show/Event,26-01-2026,Divya Nair,3,1,2,3,New Lead,821000,0.05,26-03-2026,,,
LD2467,Havenly Retail,E-commerce,Small (1-50),Arjun,Procurement Manager,arjun@havenly.com,Cold Outbound,26-03-2026,Karan Bhatia,3,2,3,2,Contacted,144000,0.15,03-05-2026,,,
LD2468,Foxglove Traders,Education,Small (1-50),Dev,COO,dev@foxglove.com,Partner Channel,23-02-2025,Karan Bhatia,3,4,4,4,New Lead,247000,0.05,27-04-2025,,,
LD2469,Redshift Industries,E-commerce,Small (1-50),Pooja,Head of Operations,pooja@redshift.com,Inbound - Website,14-03-2025,Ananya Kapoor,4,5,3,2,Contacted,223000,0.15,02-05-2025,,,
LD2470,Ember & Co,E-commerce,Small (1-50),Aditya,Procurement Manager,aditya@ember.com,Trade Show/Event,10-08-2025,Ananya Kapoor,4,4,3,4,Closed Lost,210000,0.0,19-09-2025,16-09-2025,37,Feature gap
LD2471,Meridian Retail,Retail,Mid-Market (51-500),Meera,Marketing Director,meera@meridian.com,Trade Show/Event,10-10-2025,Divya Nair,1,4,4,3,New Lead,795000,0.05,08-11-2025,,,
LD2472,Palm Ventures,Retail,Small (1-50),Riya,Procurement Manager,riya@palm.com,LinkedIn Outreach,10-11-2025,Sneha Iyer,2,2,3,4,New Lead,242000,0.05,12-01-2026,,,
LD2473,Palm Traders,Retail,Small (1-50),Aarav,Growth Lead,aarav@palm.com,Referral,20-04-2025,Rohit Malhotra,5,5,4,4,Closed Won,172000,1.0,19-06-2025,02-06-2025,43,
LD2474,Havenly Industries,E-commerce,Mid-Market (51-500),Nikhil,Head of Operations,nikhil@havenly.com,Inbound - Website,15-12-2025,Sneha Iyer,3,3,3,3,New Lead,817000,0.05,07-02-2026,,,
LD2475,Palm Traders,Retail,Small (1-50),Yash,Growth Lead,yash@palm.com,Cold Outbound,27-10-2025,Karan Bhatia,1,1,1,1,Closed Lost,164000,0.0,23-11-2025,18-11-2025,22,Feature gap
LD2476,Ironclad Enterprises,Retail,Small (1-50),Nikhil,Head of Operations,nikhil@ironclad.com,Cold Outbound,20-09-2025,Rohit Malhotra,4,2,2,1,Contacted,138000,0.15,09-11-2025,,,
LD2477,Redshift Retail,E-commerce,Mid-Market (51-500),Zara,VP Sales,zara@redshift.com,Partner Channel,28-03-2025,Divya Nair,2,2,3,5,Closed Won,600000,1.0,27-05-2025,11-05-2025,44,
LD2478,Foxglove Traders,E-commerce,Mid-Market (51-500),Vivaan,Marketing Director,vivaan@foxglove.com,Trade Show/Event,09-10-2025,Rohit Malhotra,4,3,1,4,Qualified,770000,0.35,11-12-2025,,,
LD2479,Lumen Industries,FMCG,Small (1-50),Tanya,Growth Lead,tanya@lumen.com,Cold Outbound,14-11-2025,Karan Bhatia,1,4,1,2,Closed Lost,162000,0.0,09-01-2026,01-01-2026,48,No decision / went dark
LD2480,Driftwood Retail,FMCG,Small (1-50),Riya,VP Sales,riya@driftwood.com,Inbound - Website,04-12-2025,Karan Bhatia,4,3,1,2,Contacted,222000,0.15,06-01-2026,,,
LD2481,Summit & Co,Retail,Small (1-50),Vivaan,VP Sales,vivaan@summit.com,Inbound - Website,21-12-2025,Karan Bhatia,3,2,1,4,New Lead,205000,0.05,07-02-2026,,,
LD2482,Foxglove Solutions,Retail,Small (1-50),Kavya,Head of Operations,kavya@foxglove.com,Inbound - Website,09-03-2025,Rohit Malhotra,2,3,3,3,New Lead,184000,0.05,20-05-2025,,,
LD2483,Northstar Mart,Retail,Mid-Market (51-500),Kavya,Founder/CEO,kavya@northstar.com,Cold Outbound,26-05-2025,Ananya Kapoor,3,1,2,1,Closed Won,783000,1.0,26-06-2025,06-07-2025,41,
LD2484,Lumen Enterprises,E-commerce,Small (1-50),Sana,Procurement Manager,sana@lumen.com,LinkedIn Outreach,07-02-2026,Sneha Iyer,1,2,3,1,Closed Lost,240000,0.0,12-04-2026,16-03-2026,37,Budget too high
LD2485,Ember & Co,Retail,Small (1-50),Vivaan,VP Sales,vivaan@ember.com,Cold Outbound,26-08-2025,Sneha Iyer,1,1,1,1,Contacted,239000,0.15,06-11-2025,,,
LD2486,Willow Group,Manufacturing,Mid-Market (51-500),Pooja,VP Sales,pooja@willow.com,Cold Outbound,31-01-2025,Sneha Iyer,2,2,2,1,Contacted,524000,0.15,27-03-2025,,,
LD2487,Zenith Mart,FMCG,Small (1-50),Kabir,IT Manager,kabir@zenith.com,LinkedIn Outreach,26-04-2026,Ananya Kapoor,1,3,4,2,Contacted,209000,0.15,03-07-2026,,,
LD2488,Anchor Traders,Retail,Mid-Market (51-500),Kavya,Founder/CEO,kavya@anchor.com,Cold Outbound,19-05-2026,Sneha Iyer,1,1,1,3,Closed Lost,591000,0.0,24-07-2026,29-05-2026,10,Chose competitor
LD2489,Granite Ventures,E-commerce,Mid-Market (51-500),Dev,IT Manager,dev@granite.com,Inbound - Website,09-04-2025,Karan Bhatia,4,2,3,3,New Lead,795000,0.05,17-05-2025,,,
LD2490,Zenith Group,Logistics,Small (1-50),Kavya,Head of Operations,kavya@zenith.com,Inbound - Website,14-01-2025,Karan Bhatia,2,5,5,2,Closed Lost,166000,0.0,20-02-2025,05-02-2025,22,Not enough authority to buy
LD2491,Crestline Industries,E-commerce,Mid-Market (51-500),Tanya,IT Manager,tanya@crestline.com,Inbound - Website,12-01-2026,Ananya Kapoor,3,4,5,3,Closed Lost,614000,0.0,04-03-2026,25-02-2026,44,Budget too high
LD2492,Ridge Group,E-commerce,Small (1-50),Zara,Procurement Manager,zara@ridge.com,Inbound - Website,11-04-2025,Rohit Malhotra,3,4,4,3,Closed Lost,148000,0.0,04-05-2025,30-04-2025,19,No decision / went dark
LD2493,Willow Industries,Retail,Small (1-50),Nikhil,Founder/CEO,nikhil@willow.com,Referral,12-07-2025,Sneha Iyer,4,2,5,4,Qualified,181000,0.35,03-09-2025,,,
LD2494,Ember Mart,FMCG,Mid-Market (51-500),Tanya,Head of Operations,tanya@ember.com,Inbound - Website,07-11-2025,Karan Bhatia,4,3,5,3,Closed Lost,772000,0.0,04-12-2025,21-12-2025,44,Chose competitor
LD2495,Crestline Solutions,Education,Small (1-50),Aarav,Marketing Director,aarav@crestline.com,Partner Channel,12-12-2025,Sneha Iyer,3,4,2,4,Closed Lost,174000,0.0,21-02-2026,16-01-2026,35,Chose competitor
LD2496,Redshift Retail,E-commerce,Small (1-50),Aditya,VP Sales,aditya@redshift.com,Inbound - Website,17-05-2026,Divya Nair,4,2,5,3,Contacted,178000,0.15,11-06-2026,,,
LD2497,Tidal Solutions,Education,Mid-Market (51-500),Ishita,IT Manager,ishita@tidal.com,Cold Outbound,15-05-2026,Sneha Iyer,1,1,1,2,New Lead,851000,0.05,30-06-2026,,,
LD2498,Orbit Mart,Education,Small (1-50),Ishita,Growth Lead,ishita@orbit.com,Cold Outbound,20-05-2025,Rohit Malhotra,2,1,1,2,Proposal Sent,245000,0.55,11-07-2025,,,
LD2499,Solstice Solutions,Retail,Mid-Market (51-500),Vivaan,Marketing Director,vivaan@solstice.com,Cold Outbound,20-05-2025,Divya Nair,2,2,1,1,Contacted,763000,0.15,05-07-2025,,,
LD2500,Zenith Retail,FMCG,Mid-Market (51-500),Vivaan,COO,vivaan@zenith.com,Cold Outbound,29-04-2025,Divya Nair,2,1,1,2,Contacted,575000,0.15,01-06-2025,,,
LD2501,Driftwood Mart,E-commerce,Small (1-50),Pooja,Founder/CEO,pooja@driftwood.com,Inbound - Website,25-08-2025,Ananya Kapoor,3,3,5,4,Closed Lost,187000,0.0,19-10-2025,06-10-2025,42,Budget too high
LD2502,Tidal Ventures,Education,Mid-Market (51-500),Aditya,VP Sales,aditya@tidal.com,Inbound - Website,13-02-2025,Ananya Kapoor,3,3,1,5,Closed Lost,850000,0.0,07-04-2025,07-03-2025,22,Bad timing
LD2503,Bluepeak & Co,Logistics,Mid-Market (51-500),Tanya,COO,tanya@bluepeak.com,Cold Outbound,03-10-2025,Divya Nair,1,1,2,1,Contacted,521000,0.15,18-11-2025,,,
LD2504,Nova Industries,E-commerce,Small (1-50),Ishita,IT Manager,ishita@nova.com,Inbound - Website,05-02-2026,Divya Nair,3,4,4,1,Closed Won,250000,1.0,02-04-2026,05-03-2026,28,
LD2505,Palm Solutions,Healthcare,Enterprise (500+),Pooja,Procurement Manager,pooja@palm.com,LinkedIn Outreach,22-04-2026,Rohit Malhotra,1,4,3,3,New Lead,2632000,0.05,27-05-2026,,,
LD2506,Ember Mart,Education,Small (1-50),Aditya,VP Sales,aditya@ember.com,Referral,01-02-2026,Sneha Iyer,3,2,3,2,Contacted,244000,0.15,07-04-2026,,,
LD2507,Foxglove Traders,Education,Small (1-50),Tanya,Procurement Manager,tanya@foxglove.com,LinkedIn Outreach,11-03-2026,Divya Nair,2,1,1,3,Closed Lost,205000,0.0,15-05-2026,29-03-2026,18,No decision / went dark
LD2508,Foxglove Ventures,Retail,Enterprise (500+),Dev,Head of Operations,dev@foxglove.com,Inbound - Website,17-12-2025,Divya Nair,4,3,3,4,New Lead,2734000,0.05,17-01-2026,,,
LD2509,Solstice Solutions,E-commerce,Small (1-50),Arjun,Procurement Manager,arjun@solstice.com,Trade Show/Event,02-12-2025,Divya Nair,3,3,3,5,Closed Lost,180000,0.0,23-01-2026,12-01-2026,41,No decision / went dark
LD2510,Quartz & Co,Retail,Mid-Market (51-500),Aditya,COO,aditya@quartz.com,Inbound - Website,09-06-2025,Divya Nair,2,1,5,4,Closed Lost,788000,0.0,22-08-2025,29-06-2025,20,No decision / went dark
LD2511,Palm Ventures,E-commerce,Enterprise (500+),Kabir,Founder/CEO,kabir@palm.com,Cold Outbound,19-02-2025,Divya Nair,2,3,4,2,Closed Lost,2655000,0.0,02-05-2025,05-03-2025,14,Feature gap
LD2512,Willow Group,Logistics,Enterprise (500+),Sana,IT Manager,sana@willow.com,LinkedIn Outreach,01-07-2025,Sneha Iyer,2,3,2,3,Proposal Sent,1675000,0.55,10-08-2025,,,
LD2513,Northstar Solutions,Retail,Mid-Market (51-500),Vivaan,Growth Lead,vivaan@northstar.com,LinkedIn Outreach,21-12-2025,Divya Nair,1,3,2,3,Contacted,637000,0.15,11-01-2026,,,
LD2514,Anchor Traders,Logistics,Enterprise (500+),Kabir,COO,kabir@anchor.com,Inbound - Website,17-07-2025,Sneha Iyer,3,4,4,2,Closed Lost,2995000,0.0,10-09-2025,12-08-2025,26,Chose competitor
LD2515,Redshift Ventures,Retail,Mid-Market (51-500),Sana,Founder/CEO,sana@redshift.com,Inbound - Website,16-10-2025,Ananya Kapoor,3,4,3,3,Closed Lost,593000,0.0,17-12-2025,10-11-2025,25,Not enough authority to buy
LD2516,Tidal Mart,E-commerce,Small (1-50),Riya,VP Sales,riya@tidal.com,Cold Outbound,24-04-2025,Divya Nair,2,2,1,1,Contacted,158000,0.15,09-06-2025,,,
LD2517,Anchor Solutions,E-commerce,Small (1-50),Meera,Founder/CEO,meera@anchor.com,Trade Show/Event,17-01-2026,Rohit Malhotra,5,5,2,1,Contacted,166000,0.15,14-02-2026,,,
LD2518,Bluepeak Ventures,E-commerce,Mid-Market (51-500),Dev,Procurement Manager,dev@bluepeak.com,LinkedIn Outreach,23-02-2026,Rohit Malhotra,2,2,4,3,Closed Lost,743000,0.0,04-05-2026,02-04-2026,38,Chose competitor
LD2519,Solstice Traders,Education,Mid-Market (51-500),Aditya,COO,aditya@solstice.com,LinkedIn Outreach,07-04-2025,Divya Nair,1,1,1,3,New Lead,713000,0.05,02-06-2025,,,
LD2520,Crestline Retail,Retail,Small (1-50),Aditya,IT Manager,aditya@crestline.com,Trade Show/Event,26-11-2025,Rohit Malhotra,2,3,3,3,Contacted,182000,0.15,01-01-2026,,,
LD2521,Ember Ventures,Retail,Small (1-50),Nikhil,COO,nikhil@ember.com,Cold Outbound,08-05-2025,Karan Bhatia,2,1,1,1,Closed Lost,180000,0.0,19-06-2025,21-05-2025,13,Not enough authority to buy
LD2522,Vertex Retail,Retail,Small (1-50),Sana,Founder/CEO,sana@vertex.com,Cold Outbound,07-01-2026,Sneha Iyer,2,1,1,1,Contacted,163000,0.15,23-02-2026,,,
LD2523,Cobalt Retail,Retail,Mid-Market (51-500),Tanya,VP Sales,tanya@cobalt.com,Partner Channel,25-02-2026,Rohit Malhotra,3,4,5,2,Contacted,677000,0.15,14-04-2026,,,
LD2524,Ironclad Mart,Logistics,Small (1-50),Arjun,VP Sales,arjun@ironclad.com,Referral,19-08-2025,Rohit Malhotra,5,4,4,4,Qualified,173000,0.35,14-10-2025,,,
LD2525,Havenly & Co,Logistics,Small (1-50),Aditya,Procurement Manager,aditya@havenly.com,LinkedIn Outreach,26-08-2025,Karan Bhatia,3,2,2,3,New Lead,251000,0.05,17-09-2025,,,
LD2526,Ember Mart,FMCG,Mid-Market (51-500),Aditya,VP Sales,aditya@ember.com,Cold Outbound,13-05-2025,Ananya Kapoor,1,1,2,1,New Lead,870000,0.05,17-07-2025,,,
LD2527,Quartz Retail,E-commerce,Mid-Market (51-500),Meera,Procurement Manager,meera@quartz.com,Cold Outbound,12-12-2025,Divya Nair,2,1,2,1,New Lead,751000,0.05,11-02-2026,,,
LD2528,Summit Mart,Retail,Small (1-50),Sana,COO,sana@summit.com,Referral,20-03-2025,Karan Bhatia,5,5,3,4,Contacted,230000,0.15,01-06-2025,,,
LD2529,Meridian Group,Logistics,Enterprise (500+),Tanya,Marketing Director,tanya@meridian.com,Partner Channel,14-05-2026,Karan Bhatia,5,4,5,4,Proposal Sent,2167000,0.55,16-06-2026,,,
LD2530,Palm Mart,Retail,Small (1-50),Sana,Growth Lead,sana@palm.com,Referral,16-12-2025,Divya Nair,4,4,3,3,Proposal Sent,203000,0.55,04-02-2026,,,
LD2531,Foxglove Mart,E-commerce,Enterprise (500+),Riya,Marketing Director,riya@foxglove.com,Referral,11-02-2025,Divya Nair,2,3,4,5,New Lead,3018000,0.05,26-04-2025,,,
LD2532,Willow Traders,Manufacturing,Mid-Market (51-500),Dev,COO,dev@willow.com,Cold Outbound,05-10-2025,Sneha Iyer,2,2,3,1,Contacted,740000,0.15,18-11-2025,,,
LD2533,Summit Solutions,Education,Small (1-50),Dev,IT Manager,dev@summit.com,Trade Show/Event,04-12-2025,Ananya Kapoor,4,2,3,3,Closed Lost,219000,0.0,19-01-2026,03-01-2026,30,Budget too high
LD2534,Tidal Solutions,Logistics,Mid-Market (51-500),Aarav,COO,aarav@tidal.com,Referral,27-01-2025,Sneha Iyer,5,4,4,5,Contacted,908000,0.15,12-03-2025,,,
LD2535,Orbit Industries,Retail,Small (1-50),Vivaan,Procurement Manager,vivaan@orbit.com,Referral,03-03-2026,Ananya Kapoor,5,5,5,5,Closed Won,249000,1.0,14-04-2026,04-04-2026,32,
LD2536,Crestline Mart,Healthcare,Enterprise (500+),Arjun,Growth Lead,arjun@crestline.com,LinkedIn Outreach,06-04-2026,Divya Nair,1,2,3,2,New Lead,2879000,0.05,29-05-2026,,,
LD2537,Ember Ventures,FMCG,Enterprise (500+),Aditya,Founder/CEO,aditya@ember.com,Referral,23-07-2025,Divya Nair,3,5,4,1,Closed Won,3054000,1.0,03-10-2025,25-08-2025,33,
LD2538,Nova Enterprises,Manufacturing,Mid-Market (51-500),Dev,VP Sales,dev@nova.com,Cold Outbound,19-09-2025,Rohit Malhotra,4,3,1,1,New Lead,609000,0.05,26-11-2025,,,
LD2539,Orbit Group,Manufacturing,Small (1-50),Tanya,Head of Operations,tanya@orbit.com,Cold Outbound,03-03-2025,Karan Bhatia,3,3,1,2,Contacted,216000,0.15,06-04-2025,,,
LD2540,Ironclad Mart,E-commerce,Small (1-50),Riya,COO,riya@ironclad.com,Cold Outbound,26-03-2026,Karan Bhatia,2,2,2,3,New Lead,152000,0.05,04-06-2026,,,
LD2541,Ironclad Industries,Retail,Small (1-50),Zara,Procurement Manager,zara@ironclad.com,LinkedIn Outreach,25-01-2026,Ananya Kapoor,2,3,2,1,Closed Lost,152000,0.0,16-03-2026,03-03-2026,37,Chose competitor
LD2542,Northstar Enterprises,Retail,Small (1-50),Kavya,Marketing Director,kavya@northstar.com,Partner Channel,10-07-2025,Divya Nair,4,3,4,5,New Lead,153000,0.05,03-09-2025,,,
LD2543,Bluepeak Traders,Hospitality,Mid-Market (51-500),Sana,Head of Operations,sana@bluepeak.com,Inbound - Website,31-08-2025,Karan Bhatia,2,3,4,4,Closed Lost,706000,0.0,11-10-2025,17-09-2025,17,No decision / went dark
LD2544,Lumen Group,Hospitality,Mid-Market (51-500),Aarav,Founder/CEO,aarav@lumen.com,Inbound - Website,03-05-2026,Karan Bhatia,2,3,3,4,Contacted,540000,0.15,25-06-2026,,,
LD2545,Redshift Retail,E-commerce,Small (1-50),Ishita,IT Manager,ishita@redshift.com,LinkedIn Outreach,27-07-2025,Rohit Malhotra,1,4,3,3,Proposal Sent,146000,0.55,02-10-2025,,,
LD2546,Lumen Mart,Retail,Mid-Market (51-500),Kavya,VP Sales,kavya@lumen.com,Cold Outbound,15-01-2025,Karan Bhatia,1,2,3,1,New Lead,567000,0.05,29-03-2025,,,
LD2547,Summit Mart,Education,Small (1-50),Aarav,IT Manager,aarav@summit.com,Inbound - Website,08-04-2026,Karan Bhatia,2,5,2,4,Contacted,158000,0.15,22-06-2026,,,
LD2548,Nova Ventures,Logistics,Small (1-50),Zara,Head of Operations,zara@nova.com,Trade Show/Event,15-12-2025,Ananya Kapoor,4,2,3,4,New Lead,135000,0.05,25-02-2026,,,
LD2549,Willow Retail,Education,Mid-Market (51-500),Zara,Founder/CEO,zara@willow.com,Trade Show/Event,07-05-2026,Ananya Kapoor,2,3,2,3,Closed Lost,624000,0.0,16-06-2026,11-06-2026,35,Budget too high
LD2550,Vertex Enterprises,Retail,Mid-Market (51-500),Zara,Founder/CEO,zara@vertex.com,Referral,09-01-2025,Sneha Iyer,5,5,3,3,New Lead,639000,0.05,23-02-2025,,,
LD2551,Vertex Enterprises,Logistics,Mid-Market (51-500),Nikhil,Marketing Director,nikhil@vertex.com,Partner Channel,28-05-2026,Divya Nair,3,4,3,2,Proposal Sent,817000,0.55,06-07-2026,,,
LD2552,Lumen & Co,Retail,Small (1-50),Tanya,IT Manager,tanya@lumen.com,Partner Channel,22-02-2026,Ananya Kapoor,3,4,5,4,Closed Lost,186000,0.0,19-04-2026,07-04-2026,44,Budget too high
LD2553,Foxglove Ventures,Manufacturing,Enterprise (500+),Aditya,Head of Operations,aditya@foxglove.com,Inbound - Website,20-12-2025,Rohit Malhotra,5,4,2,4,Closed Lost,2716000,0.0,09-01-2026,10-02-2026,52,Chose competitor
LD2554,Lumen Solutions,Manufacturing,Mid-Market (51-500),Kavya,COO,kavya@lumen.com,Partner Channel,25-04-2025,Ananya Kapoor,5,4,5,3,Closed Won,611000,1.0,23-05-2025,28-05-2025,33,
LD2555,Quartz Mart,E-commerce,Mid-Market (51-500),Kabir,Procurement Manager,kabir@quartz.com,Inbound - Website,28-11-2025,Divya Nair,3,2,4,3,Contacted,697000,0.15,23-12-2025,,,
LD2556,Tidal Solutions,FMCG,Mid-Market (51-500),Vivaan,Head of Operations,vivaan@tidal.com,Referral,20-05-2025,Ananya Kapoor,5,4,4,5,Closed Won,763000,1.0,21-06-2025,23-06-2025,34,
LD2557,Northstar Industries,FMCG,Small (1-50),Arjun,Founder/CEO,arjun@northstar.com,Cold Outbound,25-06-2025,Karan Bhatia,1,1,1,1,Closed Lost,145000,0.0,26-07-2025,07-08-2025,43,Bad timing
LD2558,Cobalt Traders,Logistics,Enterprise (500+),Tanya,Head of Operations,tanya@cobalt.com,Cold Outbound,26-05-2025,Rohit Malhotra,2,1,1,3,Proposal Sent,2910000,0.55,05-07-2025,,,
LD2559,Tidal & Co,FMCG,Small (1-50),Dev,COO,dev@tidal.com,Referral,19-01-2025,Divya Nair,5,3,4,5,Contacted,189000,0.15,23-02-2025,,,
LD2560,Ember Retail,Hospitality,Mid-Market (51-500),Sana,Marketing Director,sana@ember.com,Cold Outbound,10-02-2026,Rohit Malhotra,4,1,1,1,New Lead,670000,0.05,05-04-2026,,,
LD2561,Foxglove Traders,Healthcare,Small (1-50),Pooja,Growth Lead,pooja@foxglove.com,Inbound - Website,10-08-2025,Karan Bhatia,3,4,3,3,New Lead,185000,0.05,13-09-2025,,,
LD2562,Ember Mart,Hospitality,Mid-Market (51-500),Ishita,Procurement Manager,ishita@ember.com,LinkedIn Outreach,27-02-2026,Karan Bhatia,3,1,3,1,New Lead,774000,0.05,04-04-2026,,,
LD2563,Orbit Mart,FMCG,Small (1-50),Pooja,Head of Operations,pooja@orbit.com,Inbound - Website,25-05-2026,Divya Nair,2,2,1,3,New Lead,231000,0.05,03-07-2026,,,
LD2564,Granite Enterprises,Hospitality,Small (1-50),Dev,Growth Lead,dev@granite.com,Trade Show/Event,14-03-2025,Karan Bhatia,2,3,4,5,Closed Lost,179000,0.0,25-04-2025,13-04-2025,30,Budget too high
LD2565,Ironclad Enterprises,Retail,Mid-Market (51-500),Nikhil,Founder/CEO,nikhil@ironclad.com,Cold Outbound,21-05-2026,Rohit Malhotra,1,4,1,1,New Lead,730000,0.05,24-06-2026,,,
LD2566,Anchor Enterprises,Retail,Mid-Market (51-500),Zara,Procurement Manager,zara@anchor.com,Cold Outbound,26-03-2026,Divya Nair,1,1,1,2,Closed Lost,750000,0.0,01-06-2026,11-04-2026,16,No decision / went dark
LD2567,Quartz Solutions,Retail,Mid-Market (51-500),Riya,Procurement Manager,riya@quartz.com,Cold Outbound,18-10-2025,Divya Nair,1,1,1,1,New Lead,710000,0.05,21-11-2025,,,
LD2568,Granite Traders,Education,Mid-Market (51-500),Kavya,Procurement Manager,kavya@granite.com,Partner Channel,29-04-2025,Karan Bhatia,1,4,4,2,Contacted,887000,0.15,26-05-2025,,,
LD2569,Zenith Retail,FMCG,Enterprise (500+),Riya,Marketing Director,riya@zenith.com,Cold Outbound,18-08-2025,Sneha Iyer,3,1,2,1,New Lead,2474000,0.05,08-10-2025,,,
LD2570,Anchor Traders,FMCG,Small (1-50),Sana,VP Sales,sana@anchor.com,Trade Show/Event,25-05-2026,Karan Bhatia,2,5,1,1,Qualified,241000,0.35,23-07-2026,,,
LD2571,Quartz Retail,E-commerce,Small (1-50),Aditya,Marketing Director,aditya@quartz.com,Trade Show/Event,14-09-2025,Rohit Malhotra,4,1,3,4,Contacted,196000,0.15,12-10-2025,,,
LD2572,Meridian & Co,Healthcare,Mid-Market (51-500),Arjun,Procurement Manager,arjun@meridian.com,Inbound - Website,19-12-2025,Sneha Iyer,2,1,3,5,New Lead,865000,0.05,12-01-2026,,,
LD2573,Northstar Traders,Healthcare,Mid-Market (51-500),Dev,Procurement Manager,dev@northstar.com,Inbound - Website,09-06-2025,Rohit Malhotra,4,3,2,3,Contacted,541000,0.15,27-07-2025,,,
LD2574,Nova Mart,Retail,Mid-Market (51-500),Meera,Head of Operations,meera@nova.com,Cold Outbound,28-11-2025,Sneha Iyer,2,1,2,2,New Lead,617000,0.05,12-01-2026,,,
LD2575,Redshift Industries,Retail,Enterprise (500+),Meera,Procurement Manager,meera@redshift.com,Cold Outbound,27-03-2025,Ananya Kapoor,1,1,1,2,Closed Lost,2406000,0.0,18-04-2025,21-04-2025,25,Bad timing
LD2576,Havenly Traders,E-commerce,Small (1-50),Pooja,Marketing Director,pooja@havenly.com,Trade Show/Event,02-04-2026,Ananya Kapoor,4,2,2,3,Proposal Sent,171000,0.55,16-06-2026,,,
LD2577,Northstar Solutions,Retail,Small (1-50),Arjun,Marketing Director,arjun@northstar.com,Referral,16-05-2026,Divya Nair,4,4,5,4,Contacted,160000,0.15,09-06-2026,,,
LD2578,Willow Group,Retail,Small (1-50),Zara,VP Sales,zara@willow.com,Referral,25-04-2025,Divya Nair,5,3,4,3,New Lead,235000,0.05,26-05-2025,,,
LD2579,Vertex Enterprises,Retail,Small (1-50),Zara,Procurement Manager,zara@vertex.com,Referral,27-04-2025,Ananya Kapoor,5,5,3,3,Closed Won,175000,1.0,10-07-2025,01-06-2025,35,
LD2580,Quartz Retail,Retail,Mid-Market (51-500),Aditya,VP Sales,aditya@quartz.com,Partner Channel,26-01-2026,Divya Nair,4,3,4,3,New Lead,763000,0.05,24-03-2026,,,
LD2581,Anchor Traders,Education,Mid-Market (51-500),Arjun,Founder/CEO,arjun@anchor.com,Inbound - Website,25-09-2025,Karan Bhatia,3,3,3,2,New Lead,520000,0.05,20-10-2025,,,
LD2582,Anchor Enterprises,Logistics,Small (1-50),Yash,IT Manager,yash@anchor.com,Cold Outbound,30-01-2025,Karan Bhatia,1,4,3,2,Closed Lost,221000,0.0,03-04-2025,26-02-2025,27,Budget too high
LD2583,Quartz Retail,Education,Small (1-50),Kavya,IT Manager,kavya@quartz.com,Inbound - Website,02-11-2025,Karan Bhatia,3,3,3,4,Closed Lost,225000,0.0,18-12-2025,14-12-2025,42,Chose competitor
LD2584,Granite Industries,FMCG,Enterprise (500+),Vivaan,Growth Lead,vivaan@granite.com,Cold Outbound,02-02-2025,Ananya Kapoor,2,1,1,3,Qualified,2673000,0.35,09-03-2025,,,
LD2585,Havenly Traders,Retail,Small (1-50),Vivaan,Founder/CEO,vivaan@havenly.com,Cold Outbound,01-02-2025,Divya Nair,2,2,1,2,Qualified,228000,0.35,23-02-2025,,,
LD2586,Granite Mart,Education,Enterprise (500+),Meera,COO,meera@granite.com,LinkedIn Outreach,17-07-2025,Ananya Kapoor,1,1,2,1,Closed Lost,1897000,0.0,29-09-2025,12-08-2025,26,Feature gap
LD2587,Cobalt Group,Healthcare,Enterprise (500+),Aditya,Head of Operations,aditya@cobalt.com,LinkedIn Outreach,06-07-2025,Ananya Kapoor,2,2,1,3,New Lead,1948000,0.05,18-09-2025,,,
LD2588,Zenith Mart,E-commerce,Mid-Market (51-500),Dev,IT Manager,dev@zenith.com,LinkedIn Outreach,19-03-2025,Sneha Iyer,2,1,2,2,Qualified,862000,0.35,24-05-2025,,,
LD2589,Solstice Solutions,E-commerce,Mid-Market (51-500),Meera,Head of Operations,meera@solstice.com,LinkedIn Outreach,03-11-2025,Karan Bhatia,1,3,2,2,Closed Lost,643000,0.0,26-11-2025,02-12-2025,29,Chose competitor
LD2590,Lumen Mart,Logistics,Enterprise (500+),Kabir,Founder/CEO,kabir@lumen.com,Cold Outbound,08-04-2025,Ananya Kapoor,2,3,1,3,New Lead,2413000,0.05,06-06-2025,,,
LD2591,Quartz Industries,E-commerce,Small (1-50),Nikhil,VP Sales,nikhil@quartz.com,LinkedIn Outreach,17-03-2025,Ananya Kapoor,2,2,3,2,Contacted,223000,0.15,05-05-2025,,,
LD2592,Anchor Mart,FMCG,Small (1-50),Meera,Founder/CEO,meera@anchor.com,Cold Outbound,26-12-2025,Ananya Kapoor,3,1,1,1,Contacted,162000,0.15,30-01-2026,,,
LD2593,Bluepeak Retail,Education,Mid-Market (51-500),Kavya,Head of Operations,kavya@bluepeak.com,Inbound - Website,01-10-2025,Rohit Malhotra,3,3,4,4,Closed Lost,679000,0.0,18-11-2025,14-11-2025,44,Chose competitor
LD2594,Crestline Retail,E-commerce,Mid-Market (51-500),Dev,IT Manager,dev@crestline.com,Cold Outbound,30-05-2025,Rohit Malhotra,1,2,1,2,New Lead,691000,0.05,22-06-2025,,,
LD2595,Solstice Retail,Retail,Small (1-50),Tanya,Head of Operations,tanya@solstice.com,Referral,27-07-2025,Divya Nair,3,5,4,2,Contacted,137000,0.15,08-09-2025,,,
LD2596,Summit Enterprises,Manufacturing,Small (1-50),Kabir,VP Sales,kabir@summit.com,Cold Outbound,07-08-2025,Divya Nair,3,1,2,1,New Lead,136000,0.05,19-09-2025,,,
LD2597,Zenith Enterprises,Logistics,Small (1-50),Aditya,COO,aditya@zenith.com,Cold Outbound,18-03-2025,Divya Nair,3,1,3,1,Proposal Sent,231000,0.55,17-04-2025,,,
LD2598,Quartz Ventures,Education,Mid-Market (51-500),Ishita,VP Sales,ishita@quartz.com,Cold Outbound,12-07-2025,Divya Nair,1,1,1,1,Qualified,844000,0.35,19-08-2025,,,
LD2599,Summit Mart,FMCG,Mid-Market (51-500),Arjun,Procurement Manager,arjun@summit.com,Cold Outbound,05-03-2025,Rohit Malhotra,1,2,1,1,Qualified,879000,0.35,22-04-2025,,,
LD2600,Summit Industries,Retail,Mid-Market (51-500),Arjun,Growth Lead,arjun@summit.com,Inbound - Website,25-05-2025,Karan Bhatia,4,2,4,1,Qualified,676000,0.35,25-07-2025,,,
